Sales_ID,Date_ID,Product_ID,Region_ID,Customer_ID,Quantity_Sold,Revenue,Discount
1,313,22,6,632,29,3153.59,220.23
2,240,26,6,160,49,3669.59,42.91
3,56,32,3,890,19,167.29,346.9
4,114,40,8,483,2,1726.2,370.01
5,217,27,5,562,31,3152.91,496.15
6,712,90,1,386,38,4539.6,263.4
7,262,22,1,291,13,3967.02,308.98
8,55,60,1,69,25,3335.83,331.49
9,676,47,2,20,19,4350.31,324.71
10,237,49,2,926,21,2474.84,298.55
11,91,24,4,513,30,2847.37,356.23
12,41,32,5,342,32,2027.66,78.5
13,356,88,6,364,41,1581.4,498.0
14,514,36,1,641,17,4405.52,445.2
15,31,72,5,231,10,1774.75,196.42
16,141,12,7,534,44,3101.0,312.76
17,233,54,4,587,10,2189.68,156.19
18,620,43,8,556,9,1113.11,69.29
19,555,88,4,884,9,1614.09,352.57
20,537,18,7,931,50,811.25,466.51
21,162,41,2,571,35,4748.15,59.19
22,326,19,1,784,21,4412.65,207.02
23,422,39,8,764,41,4672.93,136.9
24,193,14,3,190,2,3835.99,305.99
25,274,78,4,611,15,1231.47,13.04
26,82,89,8,138,33,4246.08,234.38
27,666,48,3,873,25,2508.08,68.76
28,198,29,1,419,49,4847.19,462.72
29,423,29,4,776,14,424.07,463.55
30,450,79,8,705,21,4347.2,443.79
31,438,52,1,623,48,4139.21,360.1
32,404,79,1,534,7,2312.89,413.51
33,44,32,7,753,3,2832.73,258.06
34,646,7,4,299,29,2050.4,152.28
35,293,60,3,433,19,3104.36,27.27
36,530,19,8,850,42,2313.32,361.32
37,116,24,3,403,27,1684.96,12.46
38,465,76,4,904,30,541.88,162.04
39,665,92,3,736,47,705.37,57.08
40,461,82,6,88,34,3565.67,363.44
41,524,79,3,388,36,1964.97,384.13
42,344,73,3,167,10,976.45,356.02
43,430,40,5,748,50,4808.73,144.39
44,186,16,3,984,13,117.31,382.7
45,13,59,8,876,32,2763.16,2.88
46,506,31,4,603,43,2430.99,205.08
47,82,77,1,251,36,1462.75,314.32
48,213,7,3,152,4,3301.06,18.36
49,34,86,5,340,6,340.25,208.48
50,183,21,5,626,43,3488.42,297.48
51,576,23,8,768,38,1864.92,17.92
52,307,42,6,920,25,4119.3,379.22
53,564,9,5,483,9,697.91,429.7
54,338,68,7,538,14,3509.56,306.03
55,112,74,2,496,47,3474.41,466.95
56,724,37,7,624,21,1372.33,287.57
57,639,46,3,630,37,2532.34,364.59
58,510,64,3,905,40,1240.34,145.24
59,199,1,2,25,30,3164.76,58.96
60,213,79,7,424,3,1735.58,280.21
61,653,28,1,656,13,3481.08,127.21
62,70,40,5,519,36,1687.23,3.07
63,703,43,6,406,47,2887.72,480.06
64,180,25,6,854,22,4619.17,239.55
65,486,5,3,494,10,3173.28,446.03
66,550,43,8,803,27,4646.17,28.01
67,534,39,6,569,35,191.72,288.7
68,340,46,2,993,10,1474.25,15.59
69,385,81,3,585,39,2008.87,297.6
70,316,91,6,727,3,1430.34,43.4
71,244,48,8,850,20,1159.09,151.16
72,115,48,1,797,13,4575.43,221.89
73,26,62,3,195,22,4625.82,366.22
74,537,40,6,147,50,4371.82,411.07
75,529,87,3,211,47,279.11,193.79
76,535,15,1,319,3,3466.56,297.14
77,90,43,8,911,3,605.2,383.09
78,320,3,5,655,14,1672.31,96.27
79,284,69,6,792,29,3388.51,136.33
80,162,36,2,16,40,2842.17,51.19
81,556,45,6,278,10,4722.06,402.0
82,588,32,3,73,20,3104.99,169.37
83,455,7,3,30,31,4526.13,25.23
84,393,7,2,437,26,977.02,298.06
85,607,81,8,632,23,1630.96,408.72
86,731,98,2,998,49,3845.7,283.89
87,96,90,8,100,30,1620.92,322.21
88,477,61,4,971,15,804.24,447.85
89,265,47,7,188,45,4594.6,165.16
90,333,59,8,31,5,2429.14,175.72
91,473,22,5,787,23,3061.76,63.7
92,106,52,2,334,36,3282.31,396.22
93,546,60,7,605,27,1269.02,121.85
94,163,62,7,68,22,1120.37,347.03
95,442,56,6,558,45,1257.16,331.31
96,80,95,8,118,38,3020.77,162.69
97,100,57,3,316,26,441.08,54.37
98,611,99,7,336,32,3260.45,30.74
99,223,18,1,776,10,3338.32,226.49
100,299,50,8,201,14,3439.43,158.3
101,584,87,5,941,28,3617.18,457.56
102,92,75,1,627,33,2080.57,63.78
103,302,8,6,923,36,4842.71,0.42
104,574,46,2,882,19,4341.83,117.62
105,720,76,7,641,21,3587.69,203.02
106,446,70,4,679,12,2426.87,94.11
107,394,47,7,158,19,4987.53,335.03
108,138,2,2,664,2,805.58,442.44
109,674,56,3,87,9,3246.99,207.93
110,467,90,7,639,12,2326.53,212.06
111,461,50,6,232,12,2181.38,3.71
112,511,94,4,730,33,1419.33,463.28
113,591,47,1,39,37,2468.01,184.29
114,595,62,2,146,47,3683.34,491.79
115,287,60,2,536,40,533.39,236.23
116,680,86,2,701,41,2742.07,289.81
117,628,7,6,548,50,152.84,227.02
118,481,74,6,432,23,4806.85,399.11
119,297,22,1,712,39,3772.18,363.49
120,578,34,1,645,31,2932.89,286.43
121,673,38,1,294,32,504.3,252.8
122,285,33,3,631,18,1448.56,128.48
123,115,78,3,932,38,3720.94,329.58
124,379,23,5,802,45,1257.36,90.4
125,541,5,6,87,10,3018.17,410.86
126,508,97,7,789,25,1265.94,220.09
127,653,22,4,592,47,4224.98,27.16
128,271,97,2,54,11,2373.67,238.12
129,488,96,4,389,44,3557.48,237.29
130,149,68,7,13,19,4643.39,224.41
131,695,41,1,100,35,3223.38,478.09
132,443,79,5,344,18,1408.73,49.14
133,671,75,7,473,50,3408.93,120.9
134,689,76,4,533,22,3420.82,496.61
135,321,71,1,689,1,4175.28,5.98
136,101,68,2,702,29,1822.43,362.63
137,258,25,1,25,40,550.51,469.25
138,673,28,2,726,8,523.29,302.34
139,385,85,3,918,8,3508.7,126.67
140,479,85,2,655,30,4621.21,138.19
141,438,89,6,264,11,3925.58,138.64
142,64,49,7,341,4,1365.37,406.4
143,183,57,2,504,13,3090.48,89.22
144,504,14,3,554,50,2213.14,306.98
145,109,57,5,106,3,457.31,285.67
146,257,100,8,20,32,829.39,320.17
147,39,86,7,273,10,3530.27,452.31
148,589,1,8,490,28,2079.17,363.88
149,72,70,4,4,25,4775.36,408.99
150,494,16,6,342,44,1583.86,27.6
151,663,12,6,548,22,494.24,229.82
152,297,83,4,181,36,292.72,192.08
153,196,39,7,918,7,3190.02,179.63
154,87,81,8,753,13,785.72,96.55
155,608,31,8,399,5,3984.42,321.7
156,512,69,8,990,2,281.51,28.03
157,44,52,2,217,42,3369.85,229.19
158,695,69,3,759,38,1241.63,36.02
159,145,63,1,483,40,324.43,350.65
160,134,2,3,648,4,4532.85,410.37
161,100,59,3,856,38,413.39,408.74
162,117,64,4,65,13,2188.44,405.76
163,695,52,6,124,44,2922.24,68.66
164,219,98,1,608,12,1743.97,60.37
165,145,97,7,173,45,1912.64,82.5
166,250,75,1,137,7,3976.16,316.1
167,386,100,3,17,32,495.54,3.61
168,92,91,5,427,45,4056.32,386.28
169,709,17,4,147,41,1427.65,225.21
170,245,23,1,611,12,3614.27,306.02
171,91,81,5,357,27,122.39,117.82
172,121,68,2,634,24,4327.38,493.39
173,520,29,8,789,41,3330.7,138.21
174,199,15,3,702,31,2537.82,79.88
175,45,7,6,292,14,2229.89,167.15
176,465,6,2,759,4,4631.82,87.94
177,30,63,2,73,16,3634.88,296.35
178,334,54,4,766,44,4502.03,115.03
179,113,42,4,101,16,3714.96,434.94
180,385,29,2,483,38,2473.6,445.24
181,149,28,8,183,25,1930.08,228.87
182,199,81,6,999,18,1090.83,63.61
183,709,73,1,288,9,644.44,232.77
184,429,22,6,226,19,3057.82,394.77
185,654,79,3,592,36,4289.52,43.24
186,535,63,4,606,31,4201.25,139.59
187,439,95,4,254,21,2227.82,111.2
188,606,20,1,428,3,296.29,235.33
189,517,5,7,544,26,2448.42,399.01
190,101,58,8,247,6,2836.59,6.21
191,417,28,3,368,19,1271.41,499.48
192,17,62,5,166,46,2350.49,285.19
193,598,4,8,475,50,779.26,351.57
194,190,48,8,721,41,106.68,313.65
195,395,89,6,544,3,1553.29,376.44
196,715,79,4,807,44,496.7,440.42
197,57,66,6,910,4,643.74,182.8
198,634,6,6,376,12,3276.05,352.44
199,575,91,4,142,22,1269.3,56.78
200,490,95,4,772,48,3828.34,160.23
201,274,65,7,284,4,410.51,172.61
202,498,65,2,482,46,2706.33,412.69
203,300,58,6,820,44,4732.29,404.4
204,68,25,8,90,6,2014.34,89.41
205,79,14,3,283,8,3515.7,248.16
206,210,67,1,301,27,4850.92,270.72
207,136,61,6,431,29,3714.78,10.74
208,194,9,1,893,15,4191.24,259.81
209,344,53,6,672,42,3955.44,243.07
210,682,90,8,469,20,2879.53,449.14
211,314,22,5,233,31,1922.32,144.07
212,49,19,6,292,30,4785.45,309.32
213,165,92,5,187,12,4212.73,346.43
214,683,20,3,244,8,301.64,158.31
215,130,57,5,379,12,1105.26,353.57
216,682,41,6,152,24,2297.3,487.73
217,547,39,2,943,2,2082.36,249.71
218,149,59,6,160,1,4853.74,273.07
219,520,43,5,486,19,4851.07,377.08
220,588,86,3,819,37,3669.86,461.15
221,347,89,2,750,31,4510.85,69.71
222,565,15,5,26,26,3125.86,110.18
223,366,12,6,57,39,3242.43,291.72
224,228,99,5,201,2,509.59,424.73
225,694,86,2,1000,33,2032.68,245.23
226,618,78,1,931,43,1869.22,73.97
227,438,48,7,382,1,1494.79,175.68
228,457,72,2,221,47,4450.24,370.76
229,426,57,5,168,47,4854.77,211.92
230,425,18,2,148,14,1585.83,494.19
231,538,43,2,956,38,3804.96,44.22
232,420,82,5,425,12,2823.49,355.12
233,141,26,3,853,25,1518.37,245.29
234,310,75,5,506,36,3725.29,112.26
235,3,20,5,308,41,4187.79,236.27
236,670,86,5,428,12,2510.24,343.92
237,251,4,2,784,18,2515.95,485.31
238,614,96,6,596,31,2871.32,434.17
239,644,88,8,998,45,4109.58,186.6
240,590,3,5,167,38,386.7,159.84
241,710,18,6,168,4,1436.08,209.76
242,365,7,5,299,34,3230.84,38.41
243,199,99,3,784,7,3033.94,83.57
244,331,41,5,278,44,3520.04,181.26
245,548,75,6,844,10,163.2,259.09
246,382,100,8,422,22,4612.45,81.51
247,224,20,4,852,13,3996.02,279.33
248,707,68,2,428,30,4588.55,58.28
249,135,3,8,357,20,3486.15,69.51
250,453,77,6,177,46,1592.95,372.23
251,122,29,3,878,45,797.56,113.29
252,129,27,3,81,28,3485.01,392.01
253,80,3,8,776,28,308.33,53.91
254,676,66,1,481,8,4551.79,21.64
255,309,86,1,773,7,3933.62,460.05
256,211,76,4,190,43,1822.51,45.39
257,285,75,6,361,11,4290.18,390.4
258,628,31,2,102,38,3839.9,264.42
259,197,37,3,924,49,2731.92,486.79
260,102,28,8,376,45,2987.96,219.83
261,110,24,6,389,28,1149.94,113.78
262,116,98,6,127,30,640.55,67.96
263,370,91,5,571,47,298.98,164.06
264,119,50,5,468,39,3707.25,343.52
265,455,29,7,298,28,1025.05,34.8
266,488,87,6,184,1,4993.74,245.82
267,108,51,8,536,43,3414.94,59.61
268,405,52,2,760,11,417.08,487.6
269,347,26,7,126,15,4206.73,362.6
270,286,98,5,775,42,4721.8,178.05
271,683,78,7,497,33,1466.56,384.0
272,111,16,5,502,32,1231.03,471.2
273,31,13,1,851,5,2540.86,13.37
274,184,49,6,157,20,3147.64,48.17
275,79,85,8,812,30,1089.47,331.05
276,503,65,5,556,22,4066.46,270.26
277,19,98,1,441,8,1979.79,157.28
278,386,57,8,37,3,966.66,329.71
279,311,91,3,504,28,758.99,357.86
280,500,98,2,583,44,2503.71,276.89
281,553,74,8,488,36,4286.32,253.34
282,401,34,8,606,25,3123.0,176.38
283,292,42,1,29,38,321.08,418.47
284,358,95,1,784,41,1772.16,48.68
285,354,46,7,360,4,3340.08,123.81
286,664,40,2,933,45,420.95,152.46
287,346,22,1,552,21,283.15,328.88
288,433,73,7,274,2,3510.2,293.99
289,325,49,7,331,37,578.86,244.18
290,708,87,4,345,32,2563.57,382.45
291,348,22,5,373,28,1088.62,317.72
292,78,69,4,295,17,332.9,498.11
293,412,29,2,735,38,564.19,168.42
294,69,73,8,438,14,1801.85,38.33
295,310,65,5,444,43,2745.74,100.04
296,412,33,8,688,49,2783.06,440.45
297,643,91,3,591,32,1143.47,481.06
298,479,35,7,958,37,3660.41,29.94
299,206,47,8,152,16,837.32,342.65
300,308,56,7,327,5,3206.24,422.98
301,274,37,3,263,44,3046.04,202.93
302,117,20,4,29,16,4005.52,155.27
303,498,72,7,433,42,4537.71,101.0
304,280,18,1,265,18,3327.49,87.99
305,44,93,8,802,2,371.1,448.25
306,322,78,5,888,5,4512.82,203.5
307,373,86,2,407,47,4229.48,118.02
308,585,95,2,535,43,4162.01,474.84
309,538,33,8,906,6,1266.58,61.14
310,321,43,7,826,48,3745.4,467.75
311,224,19,2,180,14,4852.63,219.74
312,261,76,1,503,35,1936.05,474.36
313,325,70,7,487,44,1307.1,138.87
314,149,47,8,733,24,4124.69,10.54
315,621,5,1,708,43,1274.41,276.36
316,317,82,6,925,44,698.06,433.48
317,454,50,1,932,26,4644.79,458.96
318,309,12,4,305,14,4311.14,80.11
319,450,81,6,901,50,3257.7,394.66
320,281,11,8,483,48,2123.51,420.58
321,433,13,3,716,17,2581.04,175.93
322,617,94,6,465,45,234.02,26.05
323,657,24,8,811,42,766.85,200.33
324,644,40,6,590,6,643.06,124.8
325,731,99,3,868,39,3460.19,396.32
326,328,58,8,895,48,754.2,86.74
327,608,42,5,204,6,2131.03,90.94
328,387,74,4,22,2,4623.25,323.55
329,642,30,2,998,30,1071.5,350.63
330,173,7,7,633,28,3041.92,74.63
331,377,22,2,15,46,2676.6,386.68
332,465,87,8,122,15,3596.46,95.27
333,273,37,8,392,9,2213.41,103.3
334,221,37,4,429,12,2101.77,72.97
335,298,34,4,633,29,4545.91,184.82
336,701,83,8,88,1,2397.52,435.72
337,710,51,4,731,25,3571.42,368.05
338,263,10,2,571,4,355.35,465.53
339,483,46,1,6,17,2572.26,190.47
340,405,86,6,136,36,301.51,89.69
341,174,65,8,953,22,4401.69,65.96
342,325,91,7,146,17,672.53,22.08
343,131,64,5,766,24,4638.56,141.46
344,270,79,5,530,21,2235.3,82.49
345,504,98,3,570,43,3219.6,219.99
346,194,20,1,236,12,275.73,130.11
347,723,60,7,119,32,299.88,178.26
348,727,72,8,469,32,651.21,359.88
349,152,16,6,96,14,4354.05,90.33
350,173,96,5,577,43,2969.82,291.77
351,5,68,3,427,5,1306.17,249.06
352,97,43,1,292,44,4908.54,61.0
353,383,76,2,858,21,853.5,40.53
354,725,85,8,465,41,4780.49,297.1
355,6,43,1,672,40,4759.39,162.46
356,583,17,4,884,4,4027.63,141.48
357,57,96,2,561,39,1968.82,199.43
358,183,31,7,92,2,4276.49,81.47
359,413,37,3,124,20,2505.14,216.18
360,318,88,3,368,43,570.95,183.73
361,205,63,8,907,25,2434.55,281.53
362,434,12,7,831,24,3107.95,217.05
363,437,12,1,526,22,4869.03,338.22
364,664,88,3,954,32,2683.67,323.61
365,86,38,8,448,6,4545.32,238.81
366,153,17,5,862,16,2663.15,147.74
367,49,71,2,940,3,2615.73,255.33
368,423,13,8,677,47,2885.54,126.69
369,261,75,2,788,33,179.72,370.26
370,474,23,3,864,26,321.77,208.13
371,722,39,6,602,47,2329.49,335.13
372,639,34,6,990,12,1134.24,39.11
373,619,34,2,445,35,187.78,197.47
374,14,22,8,472,45,2084.95,328.86
375,617,93,8,311,40,4084.35,308.37
376,708,87,7,824,20,529.41,67.56
377,196,15,1,713,13,4309.16,104.61
378,665,19,4,447,41,4305.13,269.29
379,89,39,8,152,31,2167.21,58.23
380,157,95,8,987,32,2410.3,429.9
381,600,32,4,302,37,4164.31,195.87
382,342,2,2,646,46,2215.76,207.84
383,508,95,5,38,32,2058.43,256.68
384,627,87,8,238,46,397.45,9.51
385,591,41,2,275,42,2143.97,236.67
386,507,80,6,460,45,2237.53,80.67
387,197,61,6,449,15,2587.42,293.83
388,702,44,8,135,19,3642.68,195.19
389,427,87,6,816,31,4018.8,422.27
390,637,27,5,708,48,522.34,241.44
391,178,26,3,621,32,594.43,207.99
392,506,39,4,215,36,330.54,9.07
393,268,46,3,179,33,256.65,31.83
394,441,15,4,124,36,1198.07,128.91
395,349,46,1,789,36,1410.71,75.59
396,707,66,2,724,4,4640.5,218.91
397,469,97,2,999,7,3930.1,304.83
398,105,72,1,520,7,918.53,59.03
399,211,47,3,746,19,3570.0,380.98
400,511,94,2,158,42,1882.31,409.58
401,126,26,8,993,27,3869.17,3.29
402,486,44,5,518,11,517.65,186.22
403,425,47,4,156,49,3792.19,210.86
404,234,18,7,424,27,4500.52,475.92
405,529,88,6,967,2,2268.64,385.08
406,530,9,2,347,21,2068.09,386.19
407,445,8,7,778,3,3334.86,320.73
408,589,8,5,430,26,4440.34,350.4
409,312,93,6,932,23,138.72,139.89
410,541,79,3,718,26,2286.33,102.57
411,558,80,8,715,23,4449.61,390.78
412,415,100,4,903,20,512.98,268.72
413,400,93,3,533,35,1491.25,46.41
414,566,40,6,776,41,884.13,13.95
415,553,76,5,248,50,1589.32,211.37
416,518,15,1,862,24,1372.81,253.75
417,127,7,2,460,20,2904.93,2.61
418,348,31,4,359,20,1494.22,392.39
419,587,87,3,732,25,2646.37,123.82
420,336,67,4,843,50,1870.21,48.99
421,729,55,7,84,6,404.75,444.25
422,488,28,8,80,24,3416.43,201.38
423,573,67,7,893,17,2963.09,318.23
424,451,89,8,750,27,4136.68,72.17
425,131,63,8,133,46,2614.61,264.57
426,712,28,8,485,3,3757.83,472.03
427,379,16,7,113,8,1910.97,144.8
428,536,20,2,381,20,4956.0,151.63
429,498,4,3,146,38,2166.61,468.41
430,313,37,4,188,48,2495.09,61.16
431,358,9,1,428,31,2907.99,282.88
432,346,49,8,855,47,4185.05,66.4
433,142,65,8,780,29,3369.38,74.49
434,334,12,7,397,15,4511.2,169.5
435,47,86,8,754,18,3264.99,432.98
436,725,4,5,575,42,706.53,279.68
437,198,80,1,981,37,2656.59,375.28
438,515,3,2,675,35,980.74,9.49
439,211,32,8,87,35,3073.59,200.9
440,47,63,1,349,28,984.49,12.03
441,541,41,7,264,6,661.76,49.67
442,173,37,3,188,17,3864.69,77.11
443,418,87,3,61,40,4809.5,90.73
444,731,8,5,400,7,1668.2,206.41
445,332,34,7,965,8,354.2,119.81
446,612,76,4,505,33,3786.71,192.52
447,118,35,1,326,30,2810.29,32.73
448,30,53,4,936,2,1418.88,481.74
449,692,13,4,782,36,3292.6,62.79
450,582,53,8,86,41,2552.12,391.44
451,146,48,3,801,16,2733.92,211.88
452,569,58,1,2,30,4809.46,310.36
453,669,22,1,62,31,1439.18,125.44
454,697,49,6,863,41,1142.5,420.34
455,289,6,3,757,35,2859.1,150.32
456,405,90,2,851,9,3652.86,499.41
457,443,27,6,906,44,4732.5,317.58
458,725,58,5,252,43,4916.81,170.81
459,471,77,6,17,45,755.26,461.13
460,624,61,1,924,1,3396.26,206.58
461,714,91,8,781,26,2736.84,393.65
462,665,84,2,552,2,4473.6,408.03
463,456,87,2,362,25,4154.59,178.98
464,182,99,1,128,30,1915.36,96.5
465,10,29,1,777,18,3434.72,354.6
466,197,12,5,828,46,1183.62,490.06
467,372,5,5,505,46,3564.14,104.54
468,201,82,7,114,18,2888.6,247.01
469,566,25,3,67,38,728.41,32.52
470,266,73,4,903,34,3671.6,137.16
471,695,3,5,698,36,4427.2,0.98
472,438,83,1,875,21,2219.49,497.55
473,281,16,8,508,24,2634.56,21.73
474,230,7,5,941,27,2708.81,158.12
475,402,25,6,84,37,4057.6,495.13
476,232,89,7,981,5,4593.28,98.44
477,338,40,2,642,41,573.96,239.98
478,25,76,6,861,17,1311.05,236.79
479,349,7,6,533,16,4723.38,387.87
480,635,57,2,641,29,2936.78,42.77
481,63,5,7,321,45,418.64,63.77
482,453,8,5,626,41,2216.01,50.91
483,58,72,1,302,25,2068.25,308.65
484,421,30,1,465,25,2374.62,214.05
485,636,80,2,348,42,4694.17,391.46
486,465,67,6,602,13,629.23,6.14
487,731,9,4,927,37,717.31,254.45
488,364,54,8,743,40,2278.66,121.58
489,46,8,3,320,38,2235.66,479.87
490,367,40,3,151,31,1612.5,171.45
491,378,2,3,59,16,2584.83,417.59
492,56,55,6,201,13,3238.72,100.63
493,71,44,4,684,31,3504.43,490.96
494,615,89,6,873,38,2873.87,167.83
495,307,54,6,167,7,2326.08,394.6
496,44,64,4,943,1,3229.96,346.61
497,478,80,4,245,31,3699.47,476.29
498,340,95,7,211,26,1002.8,494.94
499,372,2,2,367,2,2817.99,71.2
500,451,25,6,45,2,1075.7,142.05
501,225,34,3,348,36,1305.22,97.99
502,181,34,2,22,44,772.49,327.43
503,114,44,4,313,30,1276.73,404.74
504,677,22,7,900,46,420.35,72.22
505,134,25,4,546,25,3502.33,158.98
506,440,82,4,944,3,3839.1,293.66
507,549,38,3,336,16,360.97,397.81
508,130,66,8,215,47,498.9,235.33
509,680,79,2,172,33,2001.77,441.21
510,522,48,8,532,30,977.09,356.24
511,539,89,8,733,32,2421.41,290.59
512,654,75,1,213,15,4484.93,226.04
513,241,51,4,314,28,4454.67,285.69
514,384,33,2,138,49,511.74,222.25
515,361,30,1,477,33,3143.52,213.05
516,479,56,7,377,32,1653.4,191.19
517,184,57,4,272,42,471.85,450.74
518,302,65,2,805,18,4640.37,49.2
519,74,47,1,560,13,1735.41,337.55
520,257,39,5,196,46,3059.77,68.93
521,557,34,1,789,20,1481.04,173.32
522,414,52,1,484,42,2611.97,380.58
523,153,51,4,233,47,3770.77,237.22
524,529,76,8,740,30,1769.23,42.94
525,193,55,7,215,29,2304.86,279.22
526,384,18,3,313,48,147.44,405.2
527,364,44,4,430,28,3460.24,201.68
528,708,69,5,334,38,213.88,392.68
529,143,20,6,582,41,4015.81,456.88
530,588,51,7,210,26,412.18,193.22
531,487,14,6,584,29,3231.12,152.32
532,176,14,3,33,45,3056.48,13.42
533,204,9,7,291,14,1241.89,329.78
534,72,59,1,378,34,154.13,163.39
535,421,51,3,114,9,2728.62,239.13
536,71,50,4,134,14,1617.81,408.95
537,681,61,3,619,37,4701.86,293.75
538,515,92,8,283,13,136.47,71.35
539,66,52,4,539,22,4560.48,439.62
540,472,60,1,755,6,1510.77,440.5
541,468,45,5,401,40,4134.81,424.92
542,426,32,3,922,40,3692.9,228.91
543,675,24,2,403,45,4733.87,119.85
544,162,36,5,683,5,3520.42,361.2
545,223,64,7,781,36,694.03,184.37
546,108,65,6,420,29,907.71,103.69
547,46,60,1,75,41,3502.98,374.87
548,391,44,7,877,13,2043.7,5.37
549,118,91,3,335,43,3768.51,242.38
550,70,11,4,731,29,787.25,410.21
551,166,22,1,622,7,968.46,62.08
552,401,22,2,688,49,154.93,136.63
553,452,46,3,222,46,268.78,337.52
554,222,57,1,857,41,4076.41,320.51
555,676,14,7,707,20,2275.53,299.1
556,50,99,7,786,13,4651.22,187.32
557,245,26,2,17,27,236.93,7.28
558,197,88,2,226,7,4004.93,415.23
559,172,93,3,46,27,2611.25,407.81
560,331,72,4,640,14,4678.2,197.53
561,439,16,4,219,7,1847.22,86.81
562,412,84,6,13,25,1142.56,110.05
563,674,36,6,45,5,4438.75,205.55
564,614,64,2,730,35,3977.17,461.11
565,583,22,5,983,7,3039.35,490.71
566,714,50,3,341,12,3213.23,441.98
567,326,86,8,70,22,186.48,456.05
568,460,49,4,516,38,3552.68,6.65
569,22,79,2,317,16,3715.78,378.62
570,635,11,1,141,24,2543.76,101.01
571,385,27,1,244,47,3030.57,472.94
572,337,18,5,326,42,3956.16,19.8
573,425,83,5,769,2,1222.15,366.44
574,351,32,4,553,4,4542.5,332.5
575,255,88,4,623,25,2655.21,91.77
576,645,1,2,891,32,442.93,96.23
577,650,19,4,129,6,951.01,274.42
578,210,31,2,437,47,2388.66,82.08
579,203,32,7,181,39,1319.95,142.68
580,460,82,4,279,31,492.08,486.28
581,408,49,3,483,29,2171.22,304.7
582,444,98,3,840,31,197.07,190.71
583,86,98,5,610,35,848.71,363.32
584,264,49,8,314,30,1487.81,281.07
585,493,10,6,140,46,2399.37,77.36
586,195,1,1,883,33,3678.81,187.13
587,415,54,7,994,48,1928.41,244.78
588,657,76,2,419,3,4963.12,62.24
589,580,21,4,782,28,4789.77,385.64
590,357,66,8,651,45,1904.08,28.85
591,395,55,4,249,31,269.09,406.56
592,647,91,1,715,43,3262.13,130.67
593,467,88,3,261,16,3050.53,475.89
594,166,2,2,790,6,3257.55,458.44
595,408,91,2,531,13,4392.43,82.91
596,438,33,5,513,35,3326.58,191.39
597,316,94,7,771,47,4360.15,54.64
598,587,100,6,834,10,1418.2,104.76
599,408,90,5,7,11,4100.31,0.79
600,72,100,7,538,27,3307.15,366.52
601,175,23,6,191,46,758.23,243.24
602,515,15,8,581,14,1009.63,29.49
603,188,98,4,266,27,2259.58,456.49
604,112,82,3,82,19,519.96,62.34
605,66,44,1,600,16,2441.7,336.4
606,104,2,1,273,49,4780.55,332.66
607,43,13,4,535,1,1940.76,260.04
608,273,63,8,776,22,3061.42,168.28
609,699,44,6,837,16,4710.86,332.54
610,388,79,1,999,23,4378.08,403.14
611,4,59,7,743,9,225.83,61.45
612,544,36,4,378,29,3129.92,329.44
613,487,66,7,677,13,115.33,319.04
614,330,3,6,895,3,4851.03,367.91
615,695,57,4,622,32,2060.81,306.3
616,84,45,7,962,31,4935.67,428.55
617,103,94,7,301,39,1055.88,71.58
618,533,74,1,131,32,4004.42,150.67
619,690,71,8,173,29,4779.75,241.08
620,554,31,4,217,11,3790.94,329.87
621,92,14,7,733,2,885.15,464.48
622,393,99,5,226,47,1362.38,238.15
623,687,16,3,945,35,3204.39,245.98
624,709,43,4,955,37,3855.05,300.34
625,660,44,7,933,46,3740.54,362.51
626,670,83,7,828,15,1195.4,57.84
627,90,15,2,349,48,3001.78,94.08
628,119,74,6,131,21,4774.94,288.46
629,2,40,1,605,35,1030.3,194.07
630,434,41,6,817,44,4676.23,63.15
631,680,78,4,110,26,145.02,426.18
632,324,19,5,858,15,2549.18,227.89
633,616,37,3,765,43,4260.72,413.88
634,36,77,6,317,33,4952.64,61.73
635,724,74,8,647,14,2525.63,352.07
636,386,8,6,157,46,1132.0,366.33
637,231,90,1,946,50,977.2,243.75
638,402,39,3,23,36,2022.2,211.22
639,485,45,7,401,5,2686.44,141.52
640,714,25,7,100,9,1684.75,395.64
641,56,91,5,469,42,902.1,68.78
642,713,62,5,919,10,1127.86,402.18
643,201,95,1,371,47,4295.09,50.97
644,152,49,7,696,11,4637.33,48.02
645,486,23,1,121,33,3285.48,296.7
646,153,81,7,251,3,682.13,198.32
647,310,89,3,669,48,1939.32,345.9
648,687,85,2,797,30,4337.99,325.16
649,282,81,8,377,1,688.0,41.32
650,501,83,4,24,38,2907.61,286.32
651,281,89,2,814,38,987.37,242.1
652,661,90,7,306,37,713.66,162.61
653,731,69,3,416,45,196.76,278.03
654,550,68,8,66,34,4202.01,269.49
655,668,16,4,989,43,4498.25,90.33
656,614,89,3,6,36,2291.44,157.15
657,41,17,4,669,11,530.32,128.38
658,36,11,2,519,20,1881.44,272.21
659,434,85,1,255,20,326.21,472.9
660,301,85,8,144,37,2503.17,156.47
661,361,78,4,705,7,3346.82,22.37
662,38,25,3,307,14,4791.37,301.07
663,222,76,6,285,9,3672.61,211.01
664,564,33,5,391,42,4527.93,200.03
665,86,33,7,963,45,801.9,101.88
666,645,94,5,649,45,3263.3,357.22
667,578,85,3,430,10,1650.17,393.89
668,389,4,4,80,18,710.64,55.0
669,562,53,2,338,41,535.97,454.62
670,280,19,4,281,1,579.94,489.74
671,228,49,2,802,8,961.08,364.16
672,314,76,8,98,34,1809.61,286.08
673,289,71,5,623,7,4493.19,85.37
674,399,24,6,826,48,3421.28,394.37
675,565,77,7,489,38,725.1,4.75
676,526,92,3,674,9,799.08,283.78
677,274,7,6,725,50,1320.65,304.35
678,724,59,3,450,23,4012.5,251.11
679,283,55,4,313,41,4303.82,473.73
680,417,99,6,866,6,3209.92,38.35
681,246,12,3,590,4,514.47,142.93
682,505,2,7,694,33,4668.96,68.21
683,510,66,2,416,1,3119.8,455.44
684,8,92,7,720,35,3773.37,122.11
685,678,68,1,622,29,4826.77,337.26
686,537,29,3,77,24,4213.1,256.84
687,53,55,8,389,11,1929.09,56.62
688,696,32,2,298,20,2467.31,132.38
689,3,95,7,223,20,4652.63,479.57
690,528,5,8,914,40,4256.92,28.75
691,7,79,8,337,20,1834.07,2.58
692,191,52,6,10,7,2210.94,98.77
693,542,66,3,421,8,4574.23,3.46
694,673,33,4,482,26,1934.12,182.25
695,187,69,5,112,29,3315.77,219.68
696,144,46,7,6,23,4429.52,354.61
697,114,25,5,42,9,2033.28,371.96
698,33,21,4,972,31,4802.52,491.46
699,122,54,8,564,32,4019.12,357.16
700,333,97,7,514,47,4625.45,421.53
701,399,17,2,981,7,3984.29,63.06
702,353,65,1,786,44,1258.87,339.16
703,351,55,1,445,31,1518.39,242.96
704,440,32,3,747,33,1015.62,140.57
705,118,34,4,683,28,1072.22,353.23
706,106,90,3,194,38,3181.65,74.36
707,124,17,7,40,18,4952.95,464.55
708,437,3,4,94,4,1963.73,262.49
709,717,82,4,228,22,2187.77,30.67
710,438,83,1,312,8,1419.31,140.28
711,360,92,7,253,21,4486.02,90.88
712,1,7,6,218,19,2413.09,454.24
713,104,56,3,259,32,1881.55,152.18
714,100,86,1,700,36,3875.27,65.15
715,370,95,6,761,50,2985.66,302.36
716,244,84,5,216,38,1981.84,443.6
717,134,81,2,43,38,4844.82,442.02
718,196,25,8,948,7,466.91,273.29
719,352,39,8,780,13,2714.43,76.84
720,131,25,7,564,46,1337.37,438.54
721,574,45,6,460,41,3614.9,455.42
722,70,62,7,537,33,3975.34,83.47
723,281,90,3,297,3,4783.43,30.4
724,711,25,7,507,44,2709.1,256.74
725,77,22,8,769,33,1982.34,389.69
726,411,78,5,212,12,117.64,285.95
727,607,90,1,901,33,2331.66,353.88
728,538,34,5,873,15,1552.18,134.26
729,122,22,4,47,35,1267.26,19.55
730,152,36,3,277,4,3247.82,124.5
731,216,69,2,2,42,1802.56,302.58
732,378,42,2,970,46,4431.53,132.02
733,137,53,5,333,4,3167.18,5.2
734,365,29,5,181,17,4860.86,268.69
735,598,14,7,969,42,1360.99,313.11
736,619,71,4,837,29,1181.13,134.4
737,596,81,7,160,29,1235.44,363.14
738,378,19,8,96,32,989.42,92.51
739,181,25,8,966,47,983.99,141.02
740,318,21,3,838,26,3468.1,93.92
741,147,10,7,252,30,4554.74,485.19
742,103,93,3,745,49,4059.16,301.65
743,387,50,1,113,1,3840.88,322.24
744,45,17,4,789,6,1411.52,469.3
745,615,2,1,981,7,2757.61,409.13
746,725,11,4,143,31,3822.39,446.2
747,168,40,6,491,10,1294.66,271.76
748,274,81,2,22,3,603.8,148.37
749,524,54,3,2,15,217.6,213.57
750,151,46,5,232,44,1985.24,442.11
751,116,63,3,113,15,598.51,477.92
752,366,10,6,122,24,4624.27,459.94
753,45,78,3,183,28,2699.36,299.81
754,696,55,3,915,43,3467.09,312.38
755,294,45,2,278,32,3342.49,466.44
756,729,10,1,883,10,3911.14,73.29
757,152,50,8,739,31,4091.78,56.58
758,438,94,5,149,6,1682.96,63.77
759,395,46,6,507,28,2458.31,486.42
760,617,82,6,142,42,4615.86,191.59
761,563,64,8,546,35,4124.88,192.31
762,595,92,7,540,37,3905.3,405.65
763,225,90,2,241,24,114.04,496.95
764,18,47,8,981,9,4612.43,29.79
765,358,47,3,302,30,806.29,426.66
766,432,32,4,848,15,373.74,68.9
767,713,91,3,387,47,229.1,482.46
768,381,7,2,679,38,461.47,418.72
769,162,4,3,375,10,487.07,38.53
770,583,54,3,784,12,2401.85,70.06
771,541,90,5,482,27,3640.53,221.99
772,661,89,1,294,8,863.85,440.58
773,33,78,3,516,11,153.25,416.34
774,697,59,5,942,37,2559.17,354.68
775,434,21,5,997,6,2655.36,488.96
776,129,96,4,411,40,374.38,196.15
777,573,78,2,837,45,2395.34,156.59
778,658,52,7,169,4,4036.36,323.32
779,200,35,2,107,5,1877.24,389.4
780,344,4,4,289,11,2753.68,32.66
781,612,2,5,193,36,1088.46,464.6
782,247,35,2,584,37,319.89,493.25
783,496,6,1,323,6,4723.19,4.24
784,366,97,5,982,26,2551.06,157.24
785,401,93,6,998,9,3543.02,48.69
786,418,95,2,515,50,835.91,293.59
787,392,62,1,298,11,842.54,231.55
788,641,12,4,906,14,4056.63,327.11
789,165,65,6,459,9,1761.2,180.16
790,442,6,7,245,14,4985.35,303.44
791,157,73,8,100,1,798.85,435.23
792,561,12,8,97,30,1637.22,467.03
793,166,9,5,591,24,1831.51,35.57
794,728,99,8,265,31,4894.57,381.57
795,453,84,3,963,8,4861.24,244.13
796,373,37,7,419,40,4593.99,64.49
797,376,66,6,383,6,3442.78,252.97
798,270,88,1,636,42,379.59,395.3
799,717,72,1,159,7,1524.24,79.1
800,409,10,4,398,30,3378.84,174.47
801,480,83,8,112,6,983.34,54.17
802,407,99,7,205,26,1710.73,158.64
803,619,63,4,720,48,2433.48,139.19
804,40,70,3,972,31,813.02,106.74
805,582,5,7,64,24,3968.84,489.28
806,219,7,4,889,2,4767.96,341.84
807,277,33,3,86,10,439.37,202.53
808,306,92,8,893,27,2671.41,334.82
809,266,24,1,95,28,1775.89,376.59
810,169,26,6,965,27,2459.96,267.75
811,165,90,7,364,45,2894.55,411.51
812,575,77,4,80,47,3373.02,308.26
813,332,86,6,15,10,4492.86,466.91
814,512,41,2,812,44,2091.29,260.35
815,4,58,3,650,29,3230.69,289.19
816,38,28,4,431,45,2775.82,83.05
817,387,28,6,215,13,4861.55,288.42
818,15,48,6,17,20,4493.61,251.04
819,128,90,8,665,30,2128.86,175.86
820,556,55,6,117,12,2348.24,186.56
821,567,77,3,556,28,1969.66,422.55
822,706,88,7,650,19,3540.25,468.95
823,102,12,2,92,42,180.49,466.25
824,107,64,2,649,29,2566.47,402.94
825,684,38,7,217,15,3906.71,275.79
826,118,26,8,974,8,1818.01,396.88
827,476,53,7,8,24,3932.76,253.78
828,275,85,5,315,27,3399.17,2.08
829,425,5,1,27,10,3973.5,420.38
830,532,95,6,344,11,4799.89,496.41
831,248,72,7,198,40,3257.73,414.27
832,592,55,3,962,41,2013.02,364.06
833,413,41,3,448,15,587.93,400.59
834,517,16,7,864,49,3173.86,130.12
835,567,21,6,209,6,557.0,218.71
836,644,99,3,29,40,3567.12,460.3
837,81,74,7,26,48,3697.43,491.71
838,650,81,6,192,16,3297.36,110.88
839,199,69,4,744,50,4054.78,189.05
840,267,85,1,282,6,4681.38,313.72
841,654,75,2,114,30,4643.28,61.34
842,146,37,5,917,12,554.61,247.12
843,371,27,7,104,32,3997.66,206.87
844,499,81,2,216,44,2157.54,444.86
845,649,58,3,185,20,149.69,89.34
846,581,81,1,121,22,4969.32,241.96
847,629,77,1,163,34,3734.31,463.29
848,198,78,1,549,2,2638.18,380.48
849,222,47,2,921,14,244.54,69.28
850,86,94,3,275,18,2459.72,476.61
851,357,91,5,479,48,4064.16,218.03
852,410,25,5,178,13,3466.58,443.66
853,288,51,2,598,50,2979.14,82.83
854,211,93,8,444,29,2176.31,373.54
855,327,80,2,622,25,2203.63,283.57
856,383,81,2,461,11,4458.3,479.05
857,260,76,7,301,39,4150.76,322.55
858,544,46,7,31,8,981.53,161.34
859,191,46,4,75,14,3319.08,185.98
860,322,16,1,327,45,153.42,164.43
861,477,73,6,921,15,2852.04,192.8
862,617,28,4,106,36,1462.44,303.95
863,688,10,7,699,49,2232.51,406.7
864,203,26,1,822,32,2543.39,495.13
865,432,16,2,464,11,3047.01,295.59
866,243,74,1,292,2,3253.97,428.05
867,5,60,5,135,26,281.34,266.73
868,541,6,6,661,2,440.33,47.56
869,426,93,5,282,21,3793.09,200.17
870,570,100,6,506,40,330.66,149.22
871,466,64,2,864,24,4694.75,51.37
872,230,7,1,143,7,4968.35,430.69
873,447,29,3,91,13,3648.13,406.14
874,551,1,1,266,3,642.94,473.57
875,77,34,6,705,40,3978.98,189.78
876,716,22,3,598,30,687.52,159.67
877,152,97,7,653,29,3374.35,260.88
878,247,74,8,678,32,4884.11,160.96
879,495,29,2,271,50,1551.55,41.4
880,572,32,4,712,5,468.21,247.3
881,218,2,4,480,25,1020.8,52.27
882,214,76,6,779,20,3571.71,327.64
883,517,14,3,225,24,1989.32,226.22
884,636,66,4,799,26,1020.97,138.92
885,169,88,5,975,37,3277.08,73.64
886,110,96,2,247,2,4481.08,93.51
887,30,61,8,361,17,679.8,275.15
888,363,56,4,155,26,2560.73,253.96
889,55,57,5,379,7,340.76,191.26
890,433,25,5,194,26,965.56,137.96
891,623,64,7,112,44,344.37,124.47
892,114,29,2,55,3,2918.63,119.38
893,545,13,5,232,40,3527.61,202.28
894,403,13,4,752,45,1414.51,102.85
895,209,45,5,723,39,1511.1,1.55
896,190,65,8,757,20,4277.56,343.97
897,175,41,2,171,12,1727.56,227.61
898,14,86,8,439,22,202.05,487.19
899,79,22,1,609,23,4850.75,291.58
900,501,32,8,113,3,4112.74,283.63
901,298,30,3,774,10,3898.76,50.0
902,344,58,8,753,23,4949.99,128.67
903,499,33,6,470,1,4155.97,150.57
904,342,67,8,116,18,3460.34,364.11
905,22,19,7,877,15,3330.9,70.82
906,510,4,4,592,48,3509.45,215.36
907,212,96,2,199,25,3229.8,482.73
908,642,87,8,982,34,957.27,455.16
909,358,43,7,604,27,4731.81,138.12
910,196,6,6,855,40,702.51,397.67
911,581,45,5,113,1,2544.74,342.76
912,478,88,3,536,19,3156.6,332.16
913,311,63,5,67,19,176.4,20.48
914,290,76,2,55,32,1598.53,215.16
915,677,1,1,258,9,1816.07,141.63
916,515,86,3,977,6,3594.67,71.32
917,202,56,2,298,15,257.47,466.47
918,255,87,7,433,26,4837.84,49.07
919,268,39,5,178,37,2235.5,437.97
920,593,18,4,257,9,2139.93,99.76
921,313,11,5,581,41,2359.66,91.69
922,448,13,3,540,29,3501.25,251.91
923,702,92,6,480,23,2195.58,210.25
924,421,60,1,935,36,229.47,383.38
925,91,97,3,630,20,3954.5,290.16
926,383,17,5,55,49,4241.03,62.97
927,687,1,8,827,49,4387.06,230.11
928,56,11,1,277,42,624.54,297.17
929,298,73,8,708,22,4335.14,60.72
930,599,87,1,719,14,2629.69,281.02
931,508,18,4,917,44,3234.37,77.39
932,644,40,1,825,32,3155.95,100.35
933,69,1,3,619,8,2647.13,123.6
934,107,61,1,853,33,2274.7,27.83
935,125,39,7,496,12,4119.33,420.86
936,560,34,8,880,43,3124.08,216.18
937,652,3,3,146,48,3321.58,85.39
938,717,70,4,488,31,1521.18,333.77
939,603,64,6,684,18,2016.83,348.83
940,110,60,7,834,28,826.02,141.71
941,124,73,7,12,38,1583.53,322.55
942,673,80,8,44,23,4817.7,233.95
943,470,36,1,163,23,2553.13,430.51
944,216,45,7,526,5,955.03,75.7
945,672,93,6,471,46,4307.45,70.02
946,675,39,7,70,42,2470.35,481.28
947,621,85,3,590,46,4644.32,387.7
948,539,34,3,715,21,2985.38,290.36
949,599,80,7,70,3,244.66,366.44
950,238,13,2,512,44,2434.42,379.95
951,243,14,3,746,25,3803.49,210.03
952,66,8,5,118,3,4249.33,36.44
953,384,78,1,946,12,1673.68,349.36
954,387,18,4,201,17,2506.4,339.42
955,231,26,3,445,34,4062.49,96.15
956,597,4,2,209,3,4069.04,446.65
957,369,100,7,582,35,4336.01,170.36
958,699,94,8,195,14,2894.81,236.87
959,361,46,3,821,5,2250.5,312.74
960,73,73,2,131,34,1561.31,58.96
961,237,7,6,24,15,4124.51,144.95
962,258,50,6,70,11,4843.76,37.39
963,590,31,5,409,40,377.58,348.76
964,114,75,8,960,17,3300.84,16.14
965,432,34,4,343,49,391.02,102.12
966,338,97,1,242,32,457.27,474.0
967,625,90,1,355,5,4754.55,299.07
968,628,11,8,970,9,1425.49,20.87
969,37,64,4,666,23,2214.43,151.71
970,234,3,1,27,50,3930.93,98.09
971,623,49,1,566,31,355.49,382.84
972,713,17,7,719,28,2792.77,57.79
973,121,79,6,361,13,1781.32,459.03
974,244,30,2,603,1,1212.92,373.74
975,550,73,1,822,1,4378.95,124.96
976,59,10,1,130,29,984.91,21.86
977,359,78,4,300,9,3070.01,239.35
978,126,85,2,79,17,4698.01,102.93
979,723,95,6,920,15,2273.36,151.36
980,376,100,5,890,42,1296.61,446.49
981,327,90,2,56,23,4512.08,352.75
982,637,63,5,81,14,4569.04,420.71
983,534,30,5,760,36,1132.77,186.19
984,146,5,4,716,29,3284.55,226.88
985,117,3,8,857,3,1424.46,294.12
986,308,11,1,286,40,1981.29,9.42
987,392,50,8,46,15,1108.08,92.21
988,442,69,1,677,20,253.4,381.5
989,27,78,6,945,17,4070.19,295.48
990,29,44,7,887,28,3934.8,464.28
991,59,14,7,976,47,4669.12,143.71
992,548,60,7,587,47,2884.68,259.46
993,167,49,8,764,16,746.18,7.59
994,699,36,2,256,50,2759.74,168.77
995,405,5,5,371,18,3330.23,391.21
996,623,2,2,315,37,3337.8,418.0
997,184,57,8,18,29,143.47,18.5
998,368,62,4,419,4,2939.89,39.77
999,625,71,6,977,5,2258.15,129.0
1000,283,34,8,131,15,3188.66,73.45
