Inventory_ID,Date_ID,Product_ID,Stock_Quantity,Expired_Units,Sales_ID,Stock_In,Stock_Out,Current_Stock,Stock_Value
1,2022-03-09,50,116,32,234,239,182,173,787.4738322901388
2,2024-02-26,46,828,22,743,375,188,1015,541.3882596994705
3,2022-08-04,56,982,24,899,330,187,1125,590.6053742176041
4,2021-07-09,95,176,44,383,442,262,356,1082.776519398941
5,2021-09-28,46,741,39,292,253,296,698,959.7337331036067
6,2022-02-05,48,757,44,918,386,125,1018,1082.776519398941
7,2024-06-22,18,304,22,943,107,339,72,541.3882596994705
8,2021-10-14,80,916,38,772,194,57,1053,935.1251758445399
9,2022-01-21,44,757,9,569,124,228,653,221.47701533160154
10,2022-11-18,96,66,44,468,191,175,82,1082.776519398941
11,2023-07-21,63,483,47,55,470,221,732,1156.6021911761413
12,2022-01-16,59,452,47,131,282,182,552,1156.6021911761413
13,2023-01-20,82,411,9,908,252,282,381,221.47701533160154
14,2024-03-07,70,620,34,899,242,146,716,836.6909468082725
15,2022-05-27,70,168,34,258,271,179,260,836.6909468082725
16,2021-09-08,37,703,50,935,489,286,906,1230.427862953342
17,2024-05-17,80,747,17,715,368,353,762,418.34547340413627
18,2023-10-16,3,987,13,355,386,123,1250,319.9112443678689
19,2021-01-24,20,441,16,362,248,190,499,393.7369161450694
20,2021-08-22,7,85,12,116,323,116,292,295.30268710880205
21,2022-01-22,85,202,38,355,100,280,22,935.1251758445399
22,2022-04-12,81,230,34,353,465,164,531,836.6909468082725
23,2024-12-03,27,553,4,878,296,323,526,98.43422903626735
24,2024-07-17,41,171,50,183,372,317,226,1230.427862953342
25,2022-08-21,87,924,20,373,448,160,1212,492.1711451813368
26,2022-10-09,48,299,37,398,288,73,514,910.516618585473
27,2021-11-09,48,233,4,967,146,91,288,98.43422903626735
28,2023-05-17,29,652,14,831,121,114,659,344.51980162693576
29,2022-11-29,50,142,35,820,141,134,149,861.2995040673394
30,2021-12-02,87,507,22,237,317,349,475,541.3882596994705
31,2023-03-03,30,338,35,401,286,376,248,861.2995040673394
32,2021-10-08,17,422,15,519,275,222,475,369.12835888600256
33,2021-10-20,46,97,42,353,136,275,-42,1033.5594048808073
34,2021-01-10,48,368,28,428,367,209,526,689.0396032538715
35,2024-07-11,83,225,27,92,338,79,484,664.4310459948047
36,2022-10-15,75,910,32,78,132,248,794,787.4738322901388
37,2024-09-11,87,700,20,354,329,373,656,492.1711451813368
38,2024-12-05,92,245,41,365,199,59,385,1008.9508476217404
39,2024-02-29,86,626,21,639,223,74,775,516.7797024404036
40,2021-12-25,66,727,33,913,302,250,779,812.0823895492057
41,2023-09-10,40,550,20,480,188,194,544,492.1711451813368
42,2022-06-14,12,677,16,191,386,200,863,393.7369161450694
43,2022-12-31,60,699,40,352,145,285,559,984.3422903626736
44,2024-01-21,75,700,21,982,144,196,648,516.7797024404036
45,2024-05-15,36,899,19,995,386,325,960,467.5625879222699
46,2024-12-11,32,74,2,967,103,120,57,49.21711451813368
47,2024-11-26,6,409,47,337,304,323,390,1156.6021911761413
48,2022-10-08,49,108,16,828,389,276,221,393.7369161450694
49,2021-10-05,96,662,36,713,106,179,589,885.9080613264061
50,2024-05-07,5,873,23,542,245,390,728,565.9968169585372
51,2022-11-28,17,300,8,640,321,392,229,196.8684580725347
52,2023-07-24,6,444,36,507,347,347,444,885.9080613264061
53,2024-07-19,37,211,32,749,128,255,84,787.4738322901388
54,2024-12-15,64,989,16,386,387,265,1111,393.7369161450694
55,2021-06-24,75,754,31,380,442,225,971,762.865275031072
56,2021-04-16,60,378,39,97,471,199,650,959.7337331036067
57,2023-05-03,20,353,21,965,143,186,310,516.7797024404036
58,2021-05-23,24,325,50,231,497,83,739,1230.427862953342
59,2022-08-07,88,103,41,914,112,102,113,1008.9508476217404
60,2023-09-06,58,116,25,222,335,386,65,615.213931476671
61,2024-07-06,13,141,15,445,401,310,232,369.12835888600256
62,2023-04-28,46,94,33,785,220,242,72,812.0823895492057
63,2023-02-20,80,364,40,985,260,57,567,984.3422903626736
64,2021-03-20,51,382,7,306,100,373,109,172.25990081346788
65,2022-08-12,77,242,16,780,276,366,152,393.7369161450694
66,2023-11-07,82,648,49,237,236,378,506,1205.819305694275
67,2023-07-25,2,509,6,282,404,229,684,147.65134355440102
68,2021-08-08,31,757,18,817,443,292,908,442.95403066320307
69,2023-06-11,14,949,37,978,419,301,1067,910.516618585473
70,2022-12-22,51,604,30,768,125,94,635,738.2567177720051
71,2024-12-14,52,59,39,274,254,379,-66,959.7337331036067
72,2024-01-08,89,560,31,996,405,354,611,762.865275031072
73,2023-10-14,48,546,30,215,443,242,747,738.2567177720051
74,2022-08-01,17,595,36,621,393,321,667,885.9080613264061
75,2024-07-31,77,772,45,284,228,83,917,1107.3850766580076
76,2023-10-03,52,324,4,1000,278,295,307,98.43422903626735
77,2024-10-09,47,700,49,967,445,276,869,1205.819305694275
78,2021-12-28,89,121,44,330,283,164,240,1082.776519398941
79,2023-09-28,82,548,27,942,394,387,555,664.4310459948047
80,2022-09-17,69,704,37,804,148,363,489,910.516618585473
81,2022-08-03,2,540,42,355,208,238,510,1033.5594048808073
82,2024-10-26,34,496,29,459,402,179,719,713.6481605129383
83,2021-07-29,21,359,49,608,133,137,355,1205.819305694275
84,2024-02-09,73,900,48,512,226,295,831,1181.2107484352082
85,2022-10-11,100,201,14,805,279,309,171,344.51980162693576
86,2023-07-05,75,474,50,145,303,225,552,1230.427862953342
87,2024-02-17,86,995,49,26,313,384,924,1205.819305694275
88,2022-01-24,75,581,36,378,154,98,637,885.9080613264061
89,2021-09-04,7,207,48,560,404,92,519,1181.2107484352082
90,2024-07-13,82,929,22,105,340,108,1161,541.3882596994705
91,2024-07-15,53,144,40,420,226,166,204,984.3422903626736
92,2021-09-23,15,926,29,232,406,179,1153,713.6481605129383
93,2021-02-21,84,931,26,987,308,314,925,639.8224887357378
94,2021-08-10,51,88,11,362,457,187,358,270.69412984973525
95,2024-11-19,72,324,16,506,372,118,578,393.7369161450694
96,2023-11-09,4,755,18,476,494,229,1020,442.95403066320307
97,2021-01-25,92,681,9,40,100,204,577,221.47701533160154
98,2021-04-07,23,154,15,452,493,296,351,369.12835888600256
99,2022-03-04,42,416,45,150,375,139,652,1107.3850766580076
100,2021-06-26,54,882,34,748,309,257,934,836.6909468082725
101,2021-01-23,52,345,43,848,132,246,231,1058.1679621398741
102,2022-10-13,43,736,38,605,312,115,933,935.1251758445399
103,2021-02-28,22,302,39,889,259,99,462,959.7337331036067
104,2024-03-18,15,924,29,627,311,400,835,713.6481605129383
105,2024-12-17,52,404,45,513,331,348,387,1107.3850766580076
106,2022-02-01,86,853,5,388,226,340,739,123.0427862953342
107,2024-03-20,89,625,23,389,339,169,795,565.9968169585372
108,2023-08-14,58,173,50,330,442,130,485,1230.427862953342
109,2023-05-15,60,908,24,232,193,346,755,590.6053742176041
110,2021-05-11,26,538,6,848,331,200,669,147.65134355440102
111,2023-12-29,84,1000,20,436,334,74,1260,492.1711451813368
112,2021-11-13,72,682,42,558,108,235,555,1033.5594048808073
113,2022-11-24,17,754,31,536,351,154,951,762.865275031072
114,2021-10-19,15,992,30,47,138,370,760,738.2567177720051
115,2024-04-19,51,918,42,503,279,294,903,1033.5594048808073
116,2024-08-23,14,539,34,189,143,269,413,836.6909468082725
117,2023-01-13,67,265,29,462,170,83,352,713.6481605129383
118,2024-02-03,70,680,37,972,153,260,573,910.516618585473
119,2024-11-16,51,65,27,739,210,103,172,664.4310459948047
120,2024-09-10,48,271,50,887,489,119,641,1230.427862953342
121,2024-02-11,82,998,5,917,483,377,1104,123.0427862953342
122,2023-12-29,71,893,15,956,271,388,776,369.12835888600256
123,2022-12-03,45,637,48,978,352,238,751,1181.2107484352082
124,2022-05-24,3,910,4,399,351,216,1045,98.43422903626735
125,2023-09-27,6,929,38,24,157,338,748,935.1251758445399
126,2021-03-21,54,878,26,731,121,107,892,639.8224887357378
127,2024-11-23,97,953,29,208,492,94,1351,713.6481605129383
128,2023-11-14,12,391,12,966,449,216,624,295.30268710880205
129,2023-02-22,58,248,29,622,253,227,274,713.6481605129383
130,2021-11-12,80,290,18,659,229,77,442,442.95403066320307
131,2021-12-17,68,77,12,494,301,263,115,295.30268710880205
132,2021-03-12,93,763,30,340,453,169,1047,738.2567177720051
133,2022-04-21,76,418,9,993,475,100,793,221.47701533160154
134,2021-06-13,31,104,49,182,443,325,222,1205.819305694275
135,2021-02-18,94,694,13,242,331,187,838,319.9112443678689
136,2022-05-05,39,113,22,108,101,52,162,541.3882596994705
137,2024-05-01,95,447,32,178,112,160,399,787.4738322901388
138,2024-11-08,54,226,33,335,224,140,310,812.0823895492057
139,2024-12-19,14,576,11,237,406,272,710,270.69412984973525
140,2024-01-04,98,455,48,381,207,199,463,1181.2107484352082
141,2023-03-13,80,740,6,943,266,239,767,147.65134355440102
142,2023-10-15,9,542,1,933,307,294,555,24.60855725906684
143,2024-04-02,24,409,43,708,420,340,489,1058.1679621398741
144,2023-02-10,16,578,19,883,225,105,698,467.5625879222699
145,2024-09-03,43,818,25,271,163,104,877,615.213931476671
146,2023-01-31,58,200,38,881,378,193,385,935.1251758445399
147,2024-09-20,41,647,31,139,376,295,728,762.865275031072
148,2023-04-14,31,117,45,418,267,182,202,1107.3850766580076
149,2022-01-02,10,832,2,990,103,233,702,49.21711451813368
150,2023-08-25,74,611,32,799,105,362,354,787.4738322901388
151,2023-12-18,99,725,48,3,238,174,789,1181.2107484352082
152,2021-09-20,97,692,39,957,411,180,923,959.7337331036067
153,2021-05-19,91,996,16,965,247,294,949,393.7369161450694
154,2023-07-11,68,85,2,79,351,66,370,49.21711451813368
155,2021-07-11,61,672,16,834,328,189,811,393.7369161450694
156,2022-10-30,82,680,29,516,246,68,858,713.6481605129383
157,2022-02-17,11,357,22,660,393,195,555,541.3882596994705
158,2023-12-07,32,997,3,498,469,88,1378,73.82567177720051
159,2024-02-02,64,571,13,198,131,96,606,319.9112443678689
160,2023-03-09,51,337,50,262,106,320,123,1230.427862953342
161,2021-02-08,26,116,17,329,303,108,311,418.34547340413627
162,2024-06-01,69,530,32,285,277,75,732,787.4738322901388
163,2024-06-01,89,561,50,342,155,272,444,1230.427862953342
164,2024-01-29,83,892,36,936,455,379,968,885.9080613264061
165,2023-03-11,87,646,14,296,351,292,705,344.51980162693576
166,2024-10-20,14,948,25,912,375,239,1084,615.213931476671
167,2021-09-23,30,398,11,791,189,364,223,270.69412984973525
168,2023-04-21,38,456,23,948,239,372,323,565.9968169585372
169,2024-05-01,17,454,23,360,274,209,519,565.9968169585372
170,2024-09-11,48,431,37,542,285,314,402,910.516618585473
171,2022-07-30,95,593,19,567,105,63,635,467.5625879222699
172,2022-07-08,64,622,4,251,243,78,787,98.43422903626735
173,2023-08-26,59,501,24,761,282,280,503,590.6053742176041
174,2021-04-13,88,191,21,665,284,115,360,516.7797024404036
175,2024-06-10,93,974,44,480,297,344,927,1082.776519398941
176,2021-01-10,20,762,1,133,453,75,1140,24.60855725906684
177,2024-05-08,20,908,29,80,265,113,1060,713.6481605129383
178,2022-12-29,92,843,8,784,449,68,1224,196.8684580725347
179,2024-01-09,80,836,10,609,404,149,1091,246.0855725906684
180,2023-02-22,43,148,10,551,289,326,111,246.0855725906684
181,2021-01-24,17,186,46,933,300,241,245,1131.9936339170745
182,2022-08-26,33,125,42,111,328,276,177,1033.5594048808073
183,2021-05-21,69,529,35,654,139,171,497,861.2995040673394
184,2021-05-11,92,605,37,742,101,221,485,910.516618585473
185,2023-11-30,98,192,25,769,115,186,121,615.213931476671
186,2022-08-23,30,893,5,312,215,136,972,123.0427862953342
187,2022-03-18,1,768,21,339,211,191,788,516.7797024404036
188,2024-11-14,27,534,22,783,491,123,902,541.3882596994705
189,2021-02-20,32,160,14,566,209,70,299,344.51980162693576
190,2021-07-11,20,203,37,828,403,392,214,910.516618585473
191,2021-08-15,4,246,46,162,313,227,332,1131.9936339170745
192,2022-04-26,36,677,17,510,454,254,877,418.34547340413627
193,2021-09-05,70,761,45,989,103,199,665,1107.3850766580076
194,2024-01-21,23,531,24,287,164,268,427,590.6053742176041
195,2023-05-27,6,462,3,408,484,339,607,73.82567177720051
196,2024-01-13,95,554,2,535,251,377,428,49.21711451813368
197,2021-01-23,8,528,27,34,343,128,743,664.4310459948047
198,2024-01-16,61,747,15,655,227,164,810,369.12835888600256
199,2022-03-13,28,417,30,107,257,219,455,738.2567177720051
200,2023-11-24,2,148,27,283,212,229,131,664.4310459948047
201,2024-10-12,44,493,47,737,172,140,525,1156.6021911761413
202,2024-02-24,60,906,1,296,283,138,1051,24.60855725906684
203,2023-06-04,18,996,31,136,455,243,1208,762.865275031072
204,2022-05-01,32,480,2,772,458,298,640,49.21711451813368
205,2021-08-24,66,278,12,666,469,82,665,295.30268710880205
206,2024-08-14,88,883,49,799,165,303,745,1205.819305694275
207,2024-07-06,10,442,46,164,191,145,488,1131.9936339170745
208,2023-07-16,4,672,36,255,158,376,454,885.9080613264061
209,2021-02-15,95,105,42,588,379,58,426,1033.5594048808073
210,2022-02-26,29,81,2,906,280,128,233,49.21711451813368
211,2022-07-13,94,376,50,993,288,183,481,1230.427862953342
212,2021-08-09,74,897,20,617,258,210,945,492.1711451813368
213,2023-06-23,10,634,15,464,284,224,694,369.12835888600256
214,2021-04-21,41,851,38,720,109,204,756,935.1251758445399
215,2022-04-24,90,795,18,821,446,68,1173,442.95403066320307
216,2021-09-21,79,726,9,189,301,70,957,221.47701533160154
217,2021-05-29,83,810,17,799,189,239,760,418.34547340413627
218,2021-02-19,45,671,11,181,432,255,848,270.69412984973525
219,2023-08-13,87,824,41,673,232,387,669,1008.9508476217404
220,2021-08-06,74,479,28,749,478,244,713,689.0396032538715
221,2024-06-04,67,942,50,345,179,222,899,1230.427862953342
222,2022-02-13,76,559,23,592,496,226,829,565.9968169585372
223,2023-05-30,68,79,8,73,210,275,14,196.8684580725347
224,2022-12-20,59,534,10,270,486,122,898,246.0855725906684
225,2021-10-12,25,600,40,860,398,268,730,984.3422903626736
226,2022-09-08,61,235,5,634,113,363,-15,123.0427862953342
227,2023-08-19,54,504,13,445,287,207,584,319.9112443678689
228,2022-12-03,51,721,22,989,227,276,672,541.3882596994705
229,2024-08-09,54,683,4,304,108,117,674,98.43422903626735
230,2024-02-15,99,86,38,635,112,106,92,935.1251758445399
231,2021-12-30,75,955,19,831,224,263,916,467.5625879222699
232,2022-02-05,61,246,47,893,474,123,597,1156.6021911761413
233,2021-04-25,48,953,15,497,401,375,979,369.12835888600256
234,2021-12-10,43,934,13,994,272,398,808,319.9112443678689
235,2024-07-08,47,381,43,198,241,106,516,1058.1679621398741
236,2023-06-22,46,940,46,264,493,137,1296,1131.9936339170745
237,2021-06-18,14,561,18,837,129,375,315,442.95403066320307
238,2024-05-27,63,965,2,812,281,155,1091,49.21711451813368
239,2023-01-18,49,946,31,15,456,243,1159,762.865275031072
240,2024-02-27,76,142,20,757,144,71,215,492.1711451813368
241,2021-09-09,94,738,31,77,431,295,874,762.865275031072
242,2022-01-10,81,923,22,888,234,155,1002,541.3882596994705
243,2024-03-11,1,59,25,674,393,205,247,615.213931476671
244,2024-06-05,79,588,19,790,247,78,757,467.5625879222699
245,2024-11-27,48,599,32,6,208,188,619,787.4738322901388
246,2024-03-03,29,873,18,321,168,374,667,442.95403066320307
247,2022-10-31,45,562,30,824,454,329,687,738.2567177720051
248,2022-05-20,41,957,42,268,461,291,1127,1033.5594048808073
249,2021-08-17,48,148,26,844,132,114,166,639.8224887357378
250,2021-05-11,48,975,6,95,334,130,1179,147.65134355440102
251,2023-01-08,15,68,23,998,189,107,150,565.9968169585372
252,2023-10-05,77,558,3,998,291,356,493,73.82567177720051
253,2024-07-29,40,422,32,280,157,277,302,787.4738322901388
254,2024-03-21,15,276,32,745,360,294,342,787.4738322901388
255,2022-03-23,40,379,8,132,382,222,539,196.8684580725347
256,2023-09-08,24,958,37,491,350,290,1018,910.516618585473
257,2023-02-12,94,434,26,241,114,216,332,639.8224887357378
258,2023-01-27,54,340,50,489,399,99,640,1230.427862953342
259,2022-09-19,12,775,11,454,353,259,869,270.69412984973525
260,2022-07-08,49,929,27,679,398,114,1213,664.4310459948047
261,2024-09-08,49,972,31,733,418,246,1144,762.865275031072
262,2022-04-17,15,584,24,531,470,366,688,590.6053742176041
263,2024-10-23,90,952,36,755,285,231,1006,885.9080613264061
264,2024-11-05,92,320,21,941,466,336,450,516.7797024404036
265,2021-01-06,48,74,32,211,241,167,148,787.4738322901388
266,2022-12-18,42,513,27,39,496,223,786,664.4310459948047
267,2022-05-08,55,280,42,828,150,291,139,1033.5594048808073
268,2022-05-15,52,374,40,821,287,209,452,984.3422903626736
269,2021-03-28,26,323,22,12,167,92,398,541.3882596994705
270,2024-07-03,20,899,2,697,220,163,956,49.21711451813368
271,2021-01-12,98,242,28,231,203,87,358,689.0396032538715
272,2021-08-14,3,754,21,509,145,67,832,516.7797024404036
273,2021-05-26,72,256,40,148,140,79,317,984.3422903626736
274,2024-11-17,54,498,49,669,473,267,704,1205.819305694275
275,2021-12-13,75,818,8,176,269,144,943,196.8684580725347
276,2022-04-09,14,700,6,644,253,85,868,147.65134355440102
277,2023-02-05,62,136,44,730,465,197,404,1082.776519398941
278,2021-11-28,99,612,38,772,344,210,746,935.1251758445399
279,2022-07-22,13,206,11,213,103,297,12,270.69412984973525
280,2022-04-04,47,405,6,605,148,361,192,147.65134355440102
281,2021-02-15,52,165,34,864,164,183,146,836.6909468082725
282,2023-08-05,93,282,46,847,166,370,78,1131.9936339170745
283,2024-12-09,86,898,45,393,435,296,1037,1107.3850766580076
284,2023-02-23,82,795,10,696,274,312,757,246.0855725906684
285,2024-08-26,97,998,1,853,266,286,978,24.60855725906684
286,2022-01-06,60,674,16,272,186,108,752,393.7369161450694
287,2022-07-13,16,708,30,78,443,258,893,738.2567177720051
288,2024-09-15,66,528,23,551,263,314,477,565.9968169585372
289,2024-08-04,34,123,42,339,456,308,271,1033.5594048808073
290,2024-08-13,14,847,34,352,476,236,1087,836.6909468082725
291,2023-02-24,98,72,35,100,470,391,151,861.2995040673394
292,2022-01-30,83,603,37,416,236,247,592,910.516618585473
293,2022-11-19,18,99,40,9,104,181,22,984.3422903626736
294,2022-08-29,67,446,49,308,270,350,366,1205.819305694275
295,2021-02-07,65,628,10,775,158,57,729,246.0855725906684
296,2023-06-16,64,671,4,792,295,102,864,98.43422903626735
297,2024-04-06,1,874,41,865,112,252,734,1008.9508476217404
298,2022-01-26,6,522,8,384,102,214,410,196.8684580725347
299,2021-03-31,97,201,4,415,146,307,40,98.43422903626735
300,2022-03-30,13,820,48,606,133,267,686,1181.2107484352082
301,2023-06-11,92,663,18,924,466,157,972,442.95403066320307
302,2021-11-09,27,251,37,451,312,98,465,910.516618585473
303,2024-10-09,14,838,39,983,144,96,886,959.7337331036067
304,2023-08-11,36,440,29,408,412,133,719,713.6481605129383
305,2022-09-20,27,296,1,387,156,200,252,24.60855725906684
306,2021-07-27,43,53,4,731,235,302,-14,98.43422903626735
307,2023-02-14,16,223,40,538,299,310,212,984.3422903626736
308,2023-01-01,62,939,7,726,433,252,1120,172.25990081346788
309,2021-12-18,79,821,10,742,414,276,959,246.0855725906684
310,2023-03-07,3,604,11,534,343,342,605,270.69412984973525
311,2021-07-31,81,561,46,797,455,330,686,1131.9936339170745
312,2022-05-27,14,71,42,593,255,321,5,1033.5594048808073
313,2022-03-09,46,550,46,239,300,140,710,1131.9936339170745
314,2023-10-26,37,953,25,460,266,351,868,615.213931476671
315,2021-05-07,48,835,27,745,310,327,818,664.4310459948047
316,2023-08-11,83,981,21,318,333,235,1079,516.7797024404036
317,2022-09-22,72,278,20,257,107,149,236,492.1711451813368
318,2024-11-09,87,507,48,345,189,219,477,1181.2107484352082
319,2023-02-12,26,567,6,390,145,156,556,147.65134355440102
320,2022-01-19,51,725,42,859,244,257,712,1033.5594048808073
321,2022-09-19,19,56,17,384,294,291,59,418.34547340413627
322,2024-06-06,13,258,22,211,414,336,336,541.3882596994705
323,2021-12-14,47,316,13,274,494,318,492,319.9112443678689
324,2023-09-09,67,571,39,627,274,110,735,959.7337331036067
325,2024-02-06,16,463,12,447,216,322,357,295.30268710880205
326,2021-03-24,97,835,46,137,264,333,766,1131.9936339170745
327,2023-07-01,81,873,42,725,444,53,1264,1033.5594048808073
328,2023-01-08,48,655,16,390,425,400,680,393.7369161450694
329,2024-10-28,50,273,41,257,378,132,519,1008.9508476217404
330,2024-07-15,11,332,1,194,191,273,250,24.60855725906684
331,2024-01-12,97,450,23,336,141,189,402,565.9968169585372
332,2021-08-30,66,490,34,235,409,50,849,836.6909468082725
333,2024-10-18,91,273,27,772,360,335,298,664.4310459948047
334,2022-09-11,42,427,31,636,168,154,441,762.865275031072
335,2022-08-11,15,993,13,717,387,371,1009,319.9112443678689
336,2022-01-07,56,835,3,434,118,380,573,73.82567177720051
337,2022-01-17,87,255,31,681,490,350,395,762.865275031072
338,2024-02-22,51,676,48,279,425,142,959,1181.2107484352082
339,2022-04-13,17,147,50,400,485,270,362,1230.427862953342
340,2022-10-18,70,231,14,206,172,362,41,344.51980162693576
341,2022-10-11,45,672,5,98,214,232,654,123.0427862953342
342,2021-05-13,86,164,50,924,318,194,288,1230.427862953342
343,2021-09-03,29,788,42,390,477,171,1094,1033.5594048808073
344,2024-06-07,22,241,6,243,184,297,128,147.65134355440102
345,2023-10-15,18,271,28,468,405,50,626,689.0396032538715
346,2021-06-03,27,676,38,656,488,72,1092,935.1251758445399
347,2022-07-29,75,604,26,564,151,103,652,639.8224887357378
348,2022-06-20,54,799,35,468,323,350,772,861.2995040673394
349,2022-08-22,57,462,18,347,263,388,337,442.95403066320307
350,2022-12-24,67,897,24,811,103,86,914,590.6053742176041
351,2021-07-20,35,449,29,373,250,240,459,713.6481605129383
352,2023-03-09,99,300,50,892,444,318,426,1230.427862953342
353,2024-05-14,43,619,41,909,393,376,636,1008.9508476217404
354,2023-09-28,3,411,49,817,409,186,634,1205.819305694275
355,2022-04-07,4,914,29,379,303,278,939,713.6481605129383
356,2021-12-16,22,83,38,728,421,147,357,935.1251758445399
357,2024-03-21,39,778,35,30,492,182,1088,861.2995040673394
358,2023-06-26,36,215,30,399,396,259,352,738.2567177720051
359,2021-08-21,6,305,20,952,270,177,398,492.1711451813368
360,2024-07-24,3,707,36,741,413,55,1065,885.9080613264061
361,2022-03-15,37,394,17,53,351,384,361,418.34547340413627
362,2022-11-10,32,372,34,791,229,169,432,836.6909468082725
363,2023-09-20,1,582,45,818,409,181,810,1107.3850766580076
364,2023-04-23,62,657,32,368,384,332,709,787.4738322901388
365,2021-11-03,66,593,38,375,417,304,706,935.1251758445399
366,2023-05-20,73,797,28,160,372,193,976,689.0396032538715
367,2024-03-03,55,872,2,880,372,400,844,49.21711451813368
368,2024-04-23,77,426,13,514,302,242,486,319.9112443678689
369,2021-09-07,19,593,31,304,364,366,591,762.865275031072
370,2024-10-05,73,590,16,549,282,162,710,393.7369161450694
371,2024-07-24,55,68,45,18,319,324,63,1107.3850766580076
372,2023-10-09,4,567,5,790,405,125,847,123.0427862953342
373,2022-07-16,85,321,17,463,361,206,476,418.34547340413627
374,2022-10-05,51,733,47,70,420,272,881,1156.6021911761413
375,2022-07-20,90,751,49,820,421,325,847,1205.819305694275
376,2021-12-09,38,690,47,326,462,267,885,1156.6021911761413
377,2023-11-27,4,407,4,429,315,173,549,98.43422903626735
378,2024-11-24,64,352,4,627,122,57,417,98.43422903626735
379,2022-07-08,51,979,28,327,297,360,916,689.0396032538715
380,2024-07-19,40,576,25,958,105,277,404,615.213931476671
381,2023-01-19,51,590,19,54,139,169,560,467.5625879222699
382,2024-11-16,86,875,13,126,262,196,941,319.9112443678689
383,2024-01-08,17,331,29,198,391,117,605,713.6481605129383
384,2024-02-14,54,340,41,878,241,170,411,1008.9508476217404
385,2022-04-23,98,152,33,642,214,68,298,812.0823895492057
386,2021-01-04,22,72,12,865,395,281,186,295.30268710880205
387,2021-12-01,4,185,4,994,397,294,288,98.43422903626735
388,2024-11-12,72,548,41,268,362,377,533,1008.9508476217404
389,2022-09-01,82,662,17,699,153,209,606,418.34547340413627
390,2024-01-26,49,232,22,899,343,193,382,541.3882596994705
391,2022-02-20,24,376,35,51,106,145,337,861.2995040673394
392,2023-06-30,17,621,10,570,394,77,938,246.0855725906684
393,2022-04-07,64,398,41,959,265,223,440,1008.9508476217404
394,2023-09-03,84,589,22,351,413,55,947,541.3882596994705
395,2021-06-02,48,452,6,810,197,194,455,147.65134355440102
396,2021-01-17,51,365,41,527,115,155,325,1008.9508476217404
397,2023-02-05,95,807,45,674,109,391,525,1107.3850766580076
398,2021-07-26,25,675,23,12,180,369,486,565.9968169585372
399,2023-08-13,52,969,16,628,324,243,1050,393.7369161450694
400,2022-01-25,67,627,36,264,404,374,657,885.9080613264061
401,2021-05-04,57,327,30,382,345,359,313,738.2567177720051
402,2024-04-14,51,103,35,806,211,241,73,861.2995040673394
403,2021-01-11,22,590,42,740,463,168,885,1033.5594048808073
404,2023-11-22,91,768,46,916,402,65,1105,1131.9936339170745
405,2021-03-26,59,165,50,538,446,164,447,1230.427862953342
406,2023-07-22,2,944,22,22,200,204,940,541.3882596994705
407,2023-11-21,13,132,36,814,349,227,254,885.9080613264061
408,2024-03-06,66,152,45,998,175,399,-72,1107.3850766580076
409,2024-01-21,9,506,6,747,288,308,486,147.65134355440102
410,2024-08-17,94,973,44,831,189,371,791,1082.776519398941
411,2022-07-23,81,413,7,546,363,393,383,172.25990081346788
412,2022-06-15,86,929,20,819,108,398,639,492.1711451813368
413,2021-07-16,50,566,15,248,152,238,480,369.12835888600256
414,2021-05-09,5,108,7,717,424,260,272,172.25990081346788
415,2023-10-12,61,930,20,779,378,229,1079,492.1711451813368
416,2023-02-21,76,612,25,967,173,265,520,615.213931476671
417,2021-05-01,87,882,48,486,221,85,1018,1181.2107484352082
418,2022-10-18,83,542,23,488,290,242,590,565.9968169585372
419,2023-11-29,56,977,36,3,187,62,1102,885.9080613264061
420,2021-01-20,84,315,37,836,461,170,606,910.516618585473
421,2024-10-25,91,129,33,520,156,398,-113,812.0823895492057
422,2024-06-03,9,734,21,396,494,120,1108,516.7797024404036
423,2022-06-09,56,992,21,750,289,77,1204,516.7797024404036
424,2021-07-16,19,838,35,21,467,322,983,861.2995040673394
425,2023-06-18,37,670,7,951,134,272,532,172.25990081346788
426,2023-09-20,53,755,31,378,180,126,809,762.865275031072
427,2021-02-08,81,304,26,797,466,279,491,639.8224887357378
428,2022-02-20,95,641,32,22,430,179,892,787.4738322901388
429,2023-03-12,61,827,37,782,311,169,969,910.516618585473
430,2023-11-09,37,527,2,320,133,108,552,49.21711451813368
431,2024-11-02,89,99,42,744,136,200,35,1033.5594048808073
432,2022-11-22,95,303,20,55,275,68,510,492.1711451813368
433,2024-12-11,42,596,37,343,441,316,721,910.516618585473
434,2022-07-28,76,592,37,279,384,345,631,910.516618585473
435,2022-12-31,36,942,16,762,308,120,1130,393.7369161450694
436,2022-01-28,86,317,31,523,210,160,367,762.865275031072
437,2022-03-14,86,836,22,668,194,82,948,541.3882596994705
438,2022-05-30,11,146,21,284,205,159,192,516.7797024404036
439,2023-09-27,29,574,11,742,202,358,418,270.69412984973525
440,2023-10-05,70,163,40,107,108,358,-87,984.3422903626736
441,2021-06-22,91,213,27,569,166,351,28,664.4310459948047
442,2022-11-25,67,370,5,193,144,56,458,123.0427862953342
443,2022-12-30,65,514,33,838,377,152,739,812.0823895492057
444,2021-02-27,41,199,40,441,447,99,547,984.3422903626736
445,2023-05-21,41,453,4,683,119,143,429,98.43422903626735
446,2022-02-18,28,859,34,31,263,192,930,836.6909468082725
447,2023-02-11,52,232,38,15,408,108,532,935.1251758445399
448,2021-03-07,6,963,44,216,377,203,1137,1082.776519398941
449,2021-04-19,78,384,29,706,386,280,490,713.6481605129383
450,2024-06-11,38,108,24,978,256,161,203,590.6053742176041
451,2022-04-12,24,771,18,930,124,102,793,442.95403066320307
452,2024-10-11,1,461,38,217,120,209,372,935.1251758445399
453,2024-03-12,69,436,9,547,456,164,728,221.47701533160154
454,2022-12-11,96,286,17,972,159,103,342,418.34547340413627
455,2021-06-23,30,769,29,609,213,118,864,713.6481605129383
456,2022-05-23,52,286,15,64,324,98,512,369.12835888600256
457,2021-06-07,74,790,18,279,410,342,858,442.95403066320307
458,2022-11-11,9,511,1,30,484,276,719,24.60855725906684
459,2021-04-24,89,90,43,239,341,324,107,1058.1679621398741
460,2022-05-18,67,176,18,621,425,74,527,442.95403066320307
461,2022-02-20,40,890,42,563,160,101,949,1033.5594048808073
462,2022-08-25,52,894,29,478,219,302,811,713.6481605129383
463,2021-06-24,8,708,27,999,139,94,753,664.4310459948047
464,2024-01-11,15,618,13,849,230,205,643,319.9112443678689
465,2022-08-03,2,938,16,518,488,147,1279,393.7369161450694
466,2024-07-24,74,755,16,38,151,282,624,393.7369161450694
467,2021-03-17,91,674,37,567,128,111,691,910.516618585473
468,2024-11-04,48,407,35,291,311,361,357,861.2995040673394
469,2022-11-26,66,527,39,274,290,207,610,959.7337331036067
470,2022-10-10,74,271,44,960,486,186,571,1082.776519398941
471,2024-12-14,52,881,10,895,223,127,977,246.0855725906684
472,2023-05-24,17,164,39,10,240,181,223,959.7337331036067
473,2024-09-16,72,175,1,967,122,176,121,24.60855725906684
474,2024-12-21,91,604,33,829,248,187,665,812.0823895492057
475,2024-04-25,3,424,14,319,495,272,647,344.51980162693576
476,2024-02-15,5,732,47,330,410,121,1021,1156.6021911761413
477,2021-01-07,67,785,5,104,173,178,780,123.0427862953342
478,2021-08-05,21,611,48,890,286,345,552,1181.2107484352082
479,2021-09-12,20,111,39,179,341,130,322,959.7337331036067
480,2024-07-30,19,530,11,445,215,266,479,270.69412984973525
481,2021-09-03,58,435,11,972,116,162,389,270.69412984973525
482,2024-12-18,64,333,16,516,346,250,429,393.7369161450694
483,2022-09-02,77,242,30,630,256,375,123,738.2567177720051
484,2022-03-10,11,440,43,93,126,343,223,1058.1679621398741
485,2022-01-05,60,465,47,907,186,202,449,1156.6021911761413
486,2021-11-07,27,205,34,451,456,319,342,836.6909468082725
487,2022-04-13,92,128,3,818,364,176,316,73.82567177720051
488,2022-11-03,29,192,40,153,342,231,303,984.3422903626736
489,2023-12-14,62,603,49,103,473,121,955,1205.819305694275
490,2024-06-07,12,162,6,629,422,357,227,147.65134355440102
491,2022-03-05,54,168,18,229,335,332,171,442.95403066320307
492,2021-12-27,2,86,49,706,364,327,123,1205.819305694275
493,2023-05-17,65,479,24,537,446,360,565,590.6053742176041
494,2021-08-25,40,711,48,792,235,390,556,1181.2107484352082
495,2024-10-14,17,204,1,636,106,392,-82,24.60855725906684
496,2021-10-03,19,743,30,868,177,344,576,738.2567177720051
497,2021-09-13,42,854,40,47,201,239,816,984.3422903626736
498,2022-02-18,53,720,29,779,326,116,930,713.6481605129383
499,2024-12-19,91,214,16,547,248,333,129,393.7369161450694
500,2022-10-02,79,728,44,323,223,370,581,1082.776519398941
501,2021-04-30,48,587,28,811,100,288,399,689.0396032538715
502,2022-07-24,35,684,34,657,278,117,845,836.6909468082725
503,2021-01-21,13,122,40,948,389,255,256,984.3422903626736
504,2021-12-01,53,208,6,191,310,235,283,147.65134355440102
505,2023-01-16,80,793,10,645,444,218,1019,246.0855725906684
506,2024-07-12,61,601,43,122,368,174,795,1058.1679621398741
507,2023-08-10,80,787,48,252,374,340,821,1181.2107484352082
508,2023-12-08,41,242,34,1,480,143,579,836.6909468082725
509,2022-06-07,60,137,49,647,301,392,46,1205.819305694275
510,2023-06-13,3,515,34,279,126,280,361,836.6909468082725
511,2023-03-25,83,408,11,47,219,109,518,270.69412984973525
512,2021-11-26,13,534,44,688,303,89,748,1082.776519398941
513,2021-01-01,10,393,37,520,141,158,376,910.516618585473
514,2023-10-16,17,84,24,125,323,245,162,590.6053742176041
515,2022-08-24,47,401,14,921,167,253,315,344.51980162693576
516,2024-04-26,17,843,50,91,453,148,1148,1230.427862953342
517,2021-06-07,97,766,11,633,323,123,966,270.69412984973525
518,2021-05-27,54,730,45,359,200,354,576,1107.3850766580076
519,2024-02-12,36,227,18,356,152,178,201,442.95403066320307
520,2021-07-08,12,734,32,453,339,370,703,787.4738322901388
521,2024-02-24,39,57,34,4,480,149,388,836.6909468082725
522,2022-06-24,77,354,49,850,241,321,274,1205.819305694275
523,2024-09-15,3,355,3,320,450,385,420,73.82567177720051
524,2021-09-12,43,638,40,368,462,394,706,984.3422903626736
525,2024-03-07,33,87,31,298,261,373,-25,762.865275031072
526,2021-05-13,31,939,22,354,436,113,1262,541.3882596994705
527,2022-11-26,4,494,48,9,100,136,458,1181.2107484352082
528,2022-04-16,95,736,25,871,202,299,639,615.213931476671
529,2022-06-25,8,833,23,198,431,212,1052,565.9968169585372
530,2023-01-12,43,936,14,896,161,278,819,344.51980162693576
531,2022-10-12,89,245,1,586,126,60,311,24.60855725906684
532,2021-10-15,10,249,1,799,473,290,432,24.60855725906684
533,2023-03-25,87,652,6,570,358,312,698,147.65134355440102
534,2023-12-09,17,615,27,705,367,241,741,664.4310459948047
535,2023-06-03,52,568,2,23,416,169,815,49.21711451813368
536,2023-12-30,63,864,15,551,488,211,1141,369.12835888600256
537,2023-10-18,100,642,49,387,468,258,852,1205.819305694275
538,2021-08-14,59,747,18,231,226,394,579,442.95403066320307
539,2023-02-16,37,165,43,603,298,366,97,1058.1679621398741
540,2024-09-26,85,294,37,344,298,259,333,910.516618585473
541,2024-12-10,75,51,35,203,151,182,20,861.2995040673394
542,2022-02-19,1,282,50,50,168,276,174,1230.427862953342
543,2023-06-30,64,947,5,410,234,146,1035,123.0427862953342
544,2023-12-25,4,870,34,562,460,54,1276,836.6909468082725
545,2022-03-25,27,523,4,349,287,79,731,98.43422903626735
546,2022-05-27,33,248,34,121,115,352,11,836.6909468082725
547,2021-08-15,9,962,35,194,131,303,790,861.2995040673394
548,2024-11-24,58,872,9,289,185,368,689,221.47701533160154
549,2023-06-29,84,479,23,358,207,187,499,565.9968169585372
550,2022-07-09,96,570,13,203,425,196,799,319.9112443678689
551,2024-09-15,40,503,39,316,317,193,627,959.7337331036067
552,2024-10-12,2,757,24,428,267,304,720,590.6053742176041
553,2023-10-14,45,899,35,856,189,116,972,861.2995040673394
554,2024-05-17,40,719,34,788,220,167,772,836.6909468082725
555,2022-04-02,52,282,46,882,492,358,416,1131.9936339170745
556,2024-06-24,18,906,29,653,371,94,1183,713.6481605129383
557,2021-11-19,41,346,9,904,337,397,286,221.47701533160154
558,2024-07-03,37,86,18,356,229,357,-42,442.95403066320307
559,2021-03-02,86,441,29,543,312,294,459,713.6481605129383
560,2023-05-01,50,781,36,699,188,373,596,885.9080613264061
561,2022-10-01,66,375,18,200,207,347,235,442.95403066320307
562,2023-07-01,52,707,50,713,452,256,903,1230.427862953342
563,2022-04-10,14,548,39,89,159,197,510,959.7337331036067
564,2022-04-01,83,60,23,570,212,71,201,565.9968169585372
565,2023-05-24,96,675,15,784,426,59,1042,369.12835888600256
566,2023-01-26,96,233,9,136,344,57,520,221.47701533160154
567,2023-09-27,83,420,36,860,483,342,561,885.9080613264061
568,2023-11-14,72,402,9,38,298,165,535,221.47701533160154
569,2024-07-27,11,324,27,53,237,212,349,664.4310459948047
570,2024-06-20,38,728,41,930,331,117,942,1008.9508476217404
571,2023-05-13,40,70,20,206,301,319,52,492.1711451813368
572,2021-09-23,33,50,28,677,351,279,122,689.0396032538715
573,2024-10-04,52,72,4,112,196,368,-100,98.43422903626735
574,2022-12-10,41,365,36,946,145,177,333,885.9080613264061
575,2021-01-23,25,900,36,549,197,203,894,885.9080613264061
576,2023-09-28,74,155,4,290,115,316,-46,98.43422903626735
577,2021-12-18,49,968,27,759,470,202,1236,664.4310459948047
578,2021-05-16,19,861,42,275,155,269,747,1033.5594048808073
579,2023-06-11,22,543,39,403,315,396,462,959.7337331036067
580,2024-11-28,24,237,48,849,454,300,391,1181.2107484352082
581,2021-03-11,44,936,2,70,485,284,1137,49.21711451813368
582,2021-10-18,7,201,34,806,414,282,333,836.6909468082725
583,2024-04-04,95,640,20,94,443,345,738,492.1711451813368
584,2024-06-04,18,381,24,954,416,261,536,590.6053742176041
585,2023-11-21,75,561,28,313,135,351,345,689.0396032538715
586,2023-04-08,92,242,10,155,417,394,265,246.0855725906684
587,2022-06-01,33,797,4,121,405,241,961,98.43422903626735
588,2021-01-23,83,325,49,877,208,200,333,1205.819305694275
589,2022-10-14,51,412,3,815,294,304,402,73.82567177720051
590,2024-11-25,43,461,22,4,436,266,631,541.3882596994705
591,2022-10-29,61,442,48,601,226,139,529,1181.2107484352082
592,2024-04-18,46,541,3,472,418,106,853,73.82567177720051
593,2022-02-21,4,106,10,346,480,74,512,246.0855725906684
594,2021-09-02,17,953,35,470,465,212,1206,861.2995040673394
595,2022-10-20,25,402,46,291,385,336,451,1131.9936339170745
596,2023-03-01,91,415,13,732,363,82,696,319.9112443678689
597,2021-06-21,91,636,5,720,129,321,444,123.0427862953342
598,2024-02-14,55,983,46,500,236,77,1142,1131.9936339170745
599,2021-02-16,36,487,18,458,260,149,598,442.95403066320307
600,2021-12-21,31,85,18,304,332,268,149,442.95403066320307
601,2022-12-15,97,844,15,707,236,50,1030,369.12835888600256
602,2023-06-16,12,293,39,227,239,96,436,959.7337331036067
603,2023-09-29,65,929,40,522,284,199,1014,984.3422903626736
604,2023-02-12,58,250,22,929,186,227,209,541.3882596994705
605,2023-09-01,99,83,40,587,439,254,268,984.3422903626736
606,2021-02-17,73,868,45,156,219,349,738,1107.3850766580076
607,2021-10-31,80,78,38,405,216,80,214,935.1251758445399
608,2023-03-29,17,425,17,497,418,62,781,418.34547340413627
609,2022-12-14,40,330,4,917,128,279,179,98.43422903626735
610,2021-01-21,99,601,44,974,372,140,833,1082.776519398941
611,2023-04-14,88,917,32,623,192,393,716,787.4738322901388
612,2022-10-15,28,582,10,400,347,206,723,246.0855725906684
613,2023-11-30,53,220,45,434,261,270,211,1107.3850766580076
614,2021-01-15,23,267,10,784,328,322,273,246.0855725906684
615,2022-04-15,82,94,35,108,239,302,31,861.2995040673394
616,2023-02-23,53,253,37,925,295,278,270,910.516618585473
617,2024-10-15,55,825,21,297,287,313,799,516.7797024404036
618,2023-06-15,17,997,47,966,208,63,1142,1156.6021911761413
619,2021-09-26,28,115,28,850,300,277,138,689.0396032538715
620,2024-08-09,53,583,19,486,401,55,929,467.5625879222699
621,2021-03-02,66,506,11,188,391,69,828,270.69412984973525
622,2021-05-02,22,765,36,449,325,339,751,885.9080613264061
623,2024-04-08,5,516,18,575,180,211,485,442.95403066320307
624,2023-01-20,83,362,33,759,130,169,323,812.0823895492057
625,2021-07-06,19,471,5,525,310,73,708,123.0427862953342
626,2024-04-10,81,400,45,404,447,325,522,1107.3850766580076
627,2023-08-25,58,233,45,368,491,351,373,1107.3850766580076
628,2021-01-30,42,108,21,224,226,224,110,516.7797024404036
629,2022-09-12,59,896,1,252,112,90,918,24.60855725906684
630,2022-03-09,19,472,33,693,386,155,703,812.0823895492057
631,2022-11-30,19,870,10,212,154,346,678,246.0855725906684
632,2022-12-09,44,260,17,979,419,342,337,418.34547340413627
633,2023-07-25,8,784,12,133,352,189,947,295.30268710880205
634,2023-08-16,67,506,19,244,125,194,437,467.5625879222699
635,2024-09-09,99,522,18,25,427,210,739,442.95403066320307
636,2024-06-15,93,544,12,537,220,322,442,295.30268710880205
637,2021-08-18,84,129,45,100,117,328,-82,1107.3850766580076
638,2023-02-02,17,260,50,859,201,239,222,1230.427862953342
639,2023-02-14,27,798,26,689,376,311,863,639.8224887357378
640,2022-01-09,21,659,15,116,278,242,695,369.12835888600256
641,2024-03-25,39,435,45,595,200,282,353,1107.3850766580076
642,2021-09-09,94,624,1,837,398,347,675,24.60855725906684
643,2023-09-14,7,818,32,832,392,50,1160,787.4738322901388
644,2024-11-12,11,137,15,326,486,350,273,369.12835888600256
645,2022-12-08,13,733,42,542,188,239,682,1033.5594048808073
646,2022-04-06,46,702,1,532,450,189,963,24.60855725906684
647,2024-03-20,33,79,33,583,236,341,-26,812.0823895492057
648,2024-04-08,16,392,25,927,201,281,312,615.213931476671
649,2023-08-06,49,591,47,480,122,328,385,1156.6021911761413
650,2024-05-29,29,143,13,996,203,54,292,319.9112443678689
651,2023-05-29,36,222,44,914,165,177,210,1082.776519398941
652,2022-05-29,60,89,4,111,420,304,205,98.43422903626735
653,2023-03-29,44,200,9,921,442,246,396,221.47701533160154
654,2024-11-10,1,463,19,649,103,198,368,467.5625879222699
655,2021-08-21,58,205,36,955,389,144,450,885.9080613264061
656,2021-04-13,68,962,10,726,228,211,979,246.0855725906684
657,2022-11-18,78,695,21,564,248,265,678,516.7797024404036
658,2022-01-31,45,304,4,966,352,338,318,98.43422903626735
659,2024-02-26,9,787,18,249,183,181,789,442.95403066320307
660,2021-01-28,76,147,36,765,344,96,395,885.9080613264061
661,2021-10-20,41,774,23,569,380,361,793,565.9968169585372
662,2021-11-21,88,371,48,220,315,377,309,1181.2107484352082
663,2023-06-07,20,360,34,664,473,51,782,836.6909468082725
664,2021-03-07,9,199,26,165,125,241,83,639.8224887357378
665,2024-08-15,19,702,19,510,248,56,894,467.5625879222699
666,2023-05-09,21,178,41,285,172,52,298,1008.9508476217404
667,2023-04-24,33,996,39,853,181,94,1083,959.7337331036067
668,2024-10-03,64,626,14,418,421,214,833,344.51980162693576
669,2021-07-29,78,372,43,962,255,396,231,1058.1679621398741
670,2023-08-02,95,375,39,536,321,244,452,959.7337331036067
671,2022-06-05,69,734,32,668,419,217,936,787.4738322901388
672,2023-04-27,33,163,39,714,113,73,203,959.7337331036067
673,2023-04-24,51,275,8,757,396,201,470,196.8684580725347
674,2023-08-21,13,158,44,750,476,107,527,1082.776519398941
675,2023-04-28,97,869,17,948,419,151,1137,418.34547340413627
676,2021-10-17,90,794,39,295,449,305,938,959.7337331036067
677,2021-12-30,20,928,17,89,204,346,786,418.34547340413627
678,2022-11-18,35,370,16,758,120,378,112,393.7369161450694
679,2022-06-27,33,174,10,637,232,258,148,246.0855725906684
680,2023-04-16,48,246,11,10,364,190,420,270.69412984973525
681,2022-01-25,82,113,29,400,260,315,58,713.6481605129383
682,2022-12-12,74,597,5,801,359,358,598,123.0427862953342
683,2023-07-14,90,85,48,539,111,80,116,1181.2107484352082
684,2021-06-12,70,913,41,754,428,390,951,1008.9508476217404
685,2023-03-21,94,576,29,331,127,257,446,713.6481605129383
686,2023-10-02,11,267,50,761,107,246,128,1230.427862953342
687,2022-04-03,21,722,18,565,235,358,599,442.95403066320307
688,2024-04-19,60,855,12,319,455,111,1199,295.30268710880205
689,2024-03-07,48,640,17,852,135,87,688,418.34547340413627
690,2023-02-25,75,210,43,436,373,52,531,1058.1679621398741
691,2021-11-18,23,130,4,673,220,344,6,98.43422903626735
692,2023-03-25,9,952,12,289,123,392,683,295.30268710880205
693,2023-12-15,49,913,12,364,378,286,1005,295.30268710880205
694,2021-04-02,43,943,43,982,451,178,1216,1058.1679621398741
695,2023-10-31,14,696,9,652,384,245,835,221.47701533160154
696,2024-10-16,31,493,10,634,396,227,662,246.0855725906684
697,2024-07-21,50,406,44,391,469,148,727,1082.776519398941
698,2023-08-10,87,162,5,180,299,158,303,123.0427862953342
699,2024-11-13,47,305,2,721,185,101,389,49.21711451813368
700,2024-09-25,84,62,12,872,452,110,404,295.30268710880205
701,2023-07-31,73,309,10,635,472,392,389,246.0855725906684
702,2021-05-07,80,794,33,563,230,272,752,812.0823895492057
703,2024-11-08,28,783,8,191,273,158,898,196.8684580725347
704,2021-05-30,83,931,33,52,171,347,755,812.0823895492057
705,2023-07-19,80,496,1,465,484,399,581,24.60855725906684
706,2021-03-10,9,989,5,217,253,109,1133,123.0427862953342
707,2021-05-20,90,724,41,673,380,157,947,1008.9508476217404
708,2021-08-16,90,718,41,692,162,269,611,1008.9508476217404
709,2023-02-23,12,301,36,491,463,400,364,885.9080613264061
710,2024-12-27,55,471,3,288,371,201,641,73.82567177720051
711,2022-08-04,25,479,48,257,383,331,531,1181.2107484352082
712,2024-03-15,51,228,18,595,493,84,637,442.95403066320307
713,2023-04-10,8,986,49,591,174,74,1086,1205.819305694275
714,2022-09-05,24,711,40,751,285,161,835,984.3422903626736
715,2022-01-11,36,707,46,160,497,289,915,1131.9936339170745
716,2021-08-27,84,651,7,593,256,209,698,172.25990081346788
717,2021-09-27,3,796,7,134,319,211,904,172.25990081346788
718,2024-11-07,94,720,15,975,417,141,996,369.12835888600256
719,2022-05-04,2,737,30,58,215,230,722,738.2567177720051
720,2021-10-11,59,599,28,432,105,361,343,689.0396032538715
721,2024-03-07,28,220,26,163,330,98,452,639.8224887357378
722,2021-10-13,56,829,50,785,263,87,1005,1230.427862953342
723,2022-09-18,20,837,14,22,500,231,1106,344.51980162693576
724,2022-07-21,46,679,23,793,371,50,1000,565.9968169585372
725,2021-07-24,99,998,32,941,110,123,985,787.4738322901388
726,2022-07-07,88,376,14,453,264,268,372,344.51980162693576
727,2024-10-19,42,177,48,695,414,338,253,1181.2107484352082
728,2022-11-11,41,141,34,973,290,156,275,836.6909468082725
729,2024-12-22,70,182,28,945,496,90,588,689.0396032538715
730,2022-12-07,10,480,13,453,468,260,688,319.9112443678689
731,2021-08-30,16,198,2,999,410,209,399,49.21711451813368
732,2024-10-09,94,816,16,533,181,78,919,393.7369161450694
733,2021-12-20,25,568,1,562,116,296,388,24.60855725906684
734,2023-12-25,92,942,48,540,377,87,1232,1181.2107484352082
735,2024-05-21,40,980,40,378,495,306,1169,984.3422903626736
736,2024-11-09,70,914,40,45,384,178,1120,984.3422903626736
737,2024-07-03,64,624,35,899,461,185,900,861.2995040673394
738,2023-06-03,85,65,22,967,192,367,-110,541.3882596994705
739,2024-09-29,38,906,49,808,494,131,1269,1205.819305694275
740,2022-07-26,87,418,1,952,264,383,299,24.60855725906684
741,2022-11-13,24,853,34,716,438,58,1233,836.6909468082725
742,2023-06-24,27,985,24,933,464,250,1199,590.6053742176041
743,2022-06-24,70,204,3,707,255,205,254,73.82567177720051
744,2024-01-26,28,484,13,803,210,170,524,319.9112443678689
745,2022-02-23,33,968,47,860,375,194,1149,1156.6021911761413
746,2023-10-09,98,460,43,864,399,279,580,1058.1679621398741
747,2024-03-01,6,470,50,426,327,53,744,1230.427862953342
748,2021-03-10,27,575,32,143,394,129,840,787.4738322901388
749,2021-06-04,24,815,50,745,306,369,752,1230.427862953342
750,2021-06-18,25,274,40,90,368,88,554,984.3422903626736
751,2022-01-28,93,623,39,150,320,79,864,959.7337331036067
752,2023-03-09,27,793,13,317,175,242,726,319.9112443678689
753,2024-11-30,77,110,33,866,250,248,112,812.0823895492057
754,2024-06-01,96,83,40,489,190,54,219,984.3422903626736
755,2024-05-05,67,127,34,250,324,243,208,836.6909468082725
756,2024-10-30,56,301,14,223,313,224,390,344.51980162693576
757,2022-12-05,47,76,42,88,211,287,0,1033.5594048808073
758,2021-01-03,15,208,29,953,170,209,169,713.6481605129383
759,2024-08-04,41,485,35,667,128,243,370,861.2995040673394
760,2023-04-17,66,955,39,687,423,64,1314,959.7337331036067
761,2021-04-09,98,417,12,864,198,284,331,295.30268710880205
762,2024-05-21,53,336,11,655,216,319,233,270.69412984973525
763,2022-05-24,87,534,37,759,430,179,785,910.516618585473
764,2023-10-19,23,750,42,218,173,395,528,1033.5594048808073
765,2024-09-21,56,88,36,829,210,156,142,885.9080613264061
766,2023-01-13,16,132,36,784,473,381,224,885.9080613264061
767,2024-06-04,28,118,11,7,276,379,15,270.69412984973525
768,2024-09-22,33,930,43,63,158,368,720,1058.1679621398741
769,2021-11-24,62,210,32,868,486,195,501,787.4738322901388
770,2022-07-04,1,290,45,227,243,58,475,1107.3850766580076
771,2023-03-06,4,660,32,127,347,72,935,787.4738322901388
772,2021-07-05,63,137,48,288,126,211,52,1181.2107484352082
773,2021-04-09,61,419,18,923,261,289,391,442.95403066320307
774,2021-05-26,45,514,7,757,139,126,527,172.25990081346788
775,2022-09-26,40,938,46,484,242,281,899,1131.9936339170745
776,2023-05-09,6,511,2,628,292,184,619,49.21711451813368
777,2022-08-22,38,744,24,406,320,173,891,590.6053742176041
778,2023-08-23,96,946,18,464,313,183,1076,442.95403066320307
779,2021-09-15,51,690,42,483,344,295,739,1033.5594048808073
780,2023-06-17,49,608,46,84,200,330,478,1131.9936339170745
781,2022-09-15,71,680,10,611,416,399,697,246.0855725906684
782,2022-08-30,55,108,2,1000,426,306,228,49.21711451813368
783,2024-04-08,20,136,44,310,245,206,175,1082.776519398941
784,2022-10-16,62,797,29,790,369,131,1035,713.6481605129383
785,2024-03-13,89,540,45,418,113,311,342,1107.3850766580076
786,2021-10-20,38,738,14,26,319,66,991,344.51980162693576
787,2024-07-02,11,157,37,189,381,205,333,910.516618585473
788,2023-11-23,66,351,48,569,487,146,692,1181.2107484352082
789,2021-04-14,44,431,40,238,411,356,486,984.3422903626736
790,2023-10-15,35,490,14,534,171,242,419,344.51980162693576
791,2022-01-30,72,733,21,622,389,345,777,516.7797024404036
792,2024-08-18,10,741,14,340,191,59,873,344.51980162693576
793,2024-03-05,15,260,25,737,155,302,113,615.213931476671
794,2024-12-15,91,761,46,466,373,273,861,1131.9936339170745
795,2023-11-10,92,63,11,82,422,271,214,270.69412984973525
796,2024-03-08,1,705,16,600,139,58,786,393.7369161450694
797,2022-04-24,70,530,27,762,140,142,528,664.4310459948047
798,2024-07-07,22,844,39,170,352,80,1116,959.7337331036067
799,2022-04-04,76,205,35,291,129,361,-27,861.2995040673394
800,2022-11-05,72,488,30,702,374,80,782,738.2567177720051
801,2022-07-22,70,694,4,787,338,180,852,98.43422903626735
802,2021-01-23,10,84,14,9,326,199,211,344.51980162693576
803,2022-03-20,9,536,4,778,140,328,348,98.43422903626735
804,2024-02-23,2,823,7,592,172,56,939,172.25990081346788
805,2021-04-09,49,637,43,996,181,118,700,1058.1679621398741
806,2024-08-10,19,662,27,726,306,63,905,664.4310459948047
807,2022-10-07,3,771,6,433,304,103,972,147.65134355440102
808,2022-12-29,84,664,7,354,168,198,634,172.25990081346788
809,2021-05-15,1,768,50,649,369,260,877,1230.427862953342
810,2022-08-06,53,119,28,192,476,338,257,689.0396032538715
811,2024-06-01,75,254,19,928,104,68,290,467.5625879222699
812,2023-11-24,95,920,46,408,274,98,1096,1131.9936339170745
813,2023-04-29,86,86,7,228,415,341,160,172.25990081346788
814,2024-08-21,70,246,7,845,217,146,317,172.25990081346788
815,2022-08-20,52,409,34,384,332,167,574,836.6909468082725
816,2024-05-09,93,271,9,35,244,255,260,221.47701533160154
817,2021-11-18,48,483,19,279,205,150,538,467.5625879222699
818,2022-11-23,35,87,4,264,186,70,203,98.43422903626735
819,2022-12-14,16,682,45,235,317,129,870,1107.3850766580076
820,2022-02-01,11,349,29,413,232,322,259,713.6481605129383
821,2022-12-01,3,966,31,89,296,278,984,762.865275031072
822,2023-03-16,86,580,4,137,428,250,758,98.43422903626735
823,2024-07-20,81,846,15,910,414,370,890,369.12835888600256
824,2022-08-26,64,108,23,164,455,189,374,565.9968169585372
825,2021-04-27,96,579,40,22,363,165,777,984.3422903626736
826,2023-06-21,7,979,30,267,328,223,1084,738.2567177720051
827,2023-07-07,78,107,30,912,296,256,147,738.2567177720051
828,2024-09-09,12,120,38,876,180,220,80,935.1251758445399
829,2024-09-20,65,572,41,174,331,216,687,1008.9508476217404
830,2023-05-31,89,571,32,401,474,299,746,787.4738322901388
831,2023-03-17,43,254,47,581,128,111,271,1156.6021911761413
832,2022-12-24,70,924,27,589,326,90,1160,664.4310459948047
833,2024-05-21,41,745,34,31,294,107,932,836.6909468082725
834,2024-04-16,52,676,3,369,123,66,733,73.82567177720051
835,2023-07-09,19,781,18,700,243,260,764,442.95403066320307
836,2024-06-18,25,77,27,832,332,97,312,664.4310459948047
837,2021-05-21,88,526,45,835,287,222,591,1107.3850766580076
838,2021-06-03,43,581,42,986,399,332,648,1033.5594048808073
839,2024-09-24,85,79,1,376,453,314,218,24.60855725906684
840,2024-01-04,39,206,37,612,193,340,59,910.516618585473
841,2024-11-28,86,105,43,178,432,227,310,1058.1679621398741
842,2024-04-29,82,185,8,689,166,400,-49,196.8684580725347
843,2022-10-05,63,527,1,106,161,271,417,24.60855725906684
844,2024-07-06,24,378,19,243,316,107,587,467.5625879222699
845,2024-07-26,79,316,40,707,171,336,151,984.3422903626736
846,2023-08-13,7,874,23,413,106,64,916,565.9968169585372
847,2023-10-07,88,702,48,836,436,389,749,1181.2107484352082
848,2021-05-24,30,954,1,848,244,163,1035,24.60855725906684
849,2021-08-28,27,754,43,875,471,261,964,1058.1679621398741
850,2022-06-19,28,111,17,409,350,392,69,418.34547340413627
851,2021-05-26,24,314,27,928,283,270,327,664.4310459948047
852,2021-09-22,76,512,19,308,465,196,781,467.5625879222699
853,2024-08-16,76,301,39,530,117,177,241,959.7337331036067
854,2021-06-26,31,391,22,47,233,83,541,541.3882596994705
855,2021-07-10,10,826,30,111,316,272,870,738.2567177720051
856,2023-10-13,57,165,36,658,438,269,334,885.9080613264061
857,2024-08-07,61,313,7,556,311,278,346,172.25990081346788
858,2021-08-14,21,792,7,449,461,291,962,172.25990081346788
859,2024-07-21,56,71,2,205,141,260,-48,49.21711451813368
860,2021-01-04,47,484,13,476,477,384,577,319.9112443678689
861,2023-02-01,87,743,30,509,394,374,763,738.2567177720051
862,2024-10-24,23,980,25,971,225,277,928,615.213931476671
863,2024-08-03,46,344,16,701,118,241,221,393.7369161450694
864,2021-04-27,98,680,20,395,371,60,991,492.1711451813368
865,2022-01-04,29,586,21,140,395,217,764,516.7797024404036
866,2023-06-18,95,272,7,856,470,204,538,172.25990081346788
867,2024-10-23,5,936,42,723,357,126,1167,1033.5594048808073
868,2021-10-30,52,132,36,745,485,231,386,885.9080613264061
869,2022-11-21,9,129,38,547,141,226,44,935.1251758445399
870,2023-08-08,55,61,33,903,428,193,296,812.0823895492057
871,2021-08-20,54,370,36,543,440,344,466,885.9080613264061
872,2021-07-25,42,512,26,681,332,311,533,639.8224887357378
873,2024-10-10,93,349,11,408,135,81,403,270.69412984973525
874,2023-10-08,45,385,23,793,288,230,443,565.9968169585372
875,2021-03-03,46,263,12,500,445,378,330,295.30268710880205
876,2023-12-26,2,783,2,592,293,329,747,49.21711451813368
877,2024-02-05,43,264,24,779,308,74,498,590.6053742176041
878,2021-07-21,45,129,28,665,273,89,313,689.0396032538715
879,2022-09-23,95,836,31,952,342,186,992,762.865275031072
880,2021-02-10,48,572,37,416,131,265,438,910.516618585473
881,2024-01-03,22,100,15,528,276,187,189,369.12835888600256
882,2022-11-27,41,143,19,764,455,265,333,467.5625879222699
883,2023-12-26,83,154,5,690,403,243,314,123.0427862953342
884,2022-10-14,74,970,47,170,260,111,1119,1156.6021911761413
885,2024-06-12,99,172,23,939,416,343,245,565.9968169585372
886,2021-06-05,34,784,31,243,269,207,846,762.865275031072
887,2022-03-10,36,169,24,327,136,124,181,590.6053742176041
888,2024-01-10,80,854,12,371,427,71,1210,295.30268710880205
889,2021-10-11,97,465,45,609,218,260,423,1107.3850766580076
890,2021-07-26,6,762,50,97,230,395,597,1230.427862953342
891,2021-06-12,21,998,20,747,422,55,1365,492.1711451813368
892,2021-10-25,45,100,32,71,127,62,165,787.4738322901388
893,2022-12-03,67,143,21,455,449,212,380,516.7797024404036
894,2021-11-18,10,217,2,483,309,314,212,49.21711451813368
895,2024-01-04,31,470,13,78,444,319,595,319.9112443678689
896,2022-12-07,29,844,44,381,451,209,1086,1082.776519398941
897,2022-07-10,35,129,29,134,179,356,-48,713.6481605129383
898,2022-11-17,4,641,36,890,441,132,950,885.9080613264061
899,2021-12-24,47,946,7,836,465,226,1185,172.25990081346788
900,2022-06-04,81,304,50,26,177,206,275,1230.427862953342
901,2023-09-10,14,687,15,295,170,75,782,369.12835888600256
902,2022-01-28,9,106,22,842,464,337,233,541.3882596994705
903,2023-02-15,32,150,31,969,305,387,68,762.865275031072
904,2022-08-17,67,775,1,320,356,257,874,24.60855725906684
905,2022-04-28,2,206,41,733,459,92,573,1008.9508476217404
906,2022-01-05,46,699,13,71,268,166,801,319.9112443678689
907,2022-05-28,2,450,47,319,224,245,429,1156.6021911761413
908,2023-11-29,5,767,25,237,231,114,884,615.213931476671
909,2022-07-09,54,273,4,314,435,358,350,98.43422903626735
910,2024-05-21,90,347,50,693,173,171,349,1230.427862953342
911,2022-12-12,58,419,34,949,195,218,396,836.6909468082725
912,2024-04-15,34,834,28,342,449,93,1190,689.0396032538715
913,2023-11-20,89,730,25,653,256,317,669,615.213931476671
914,2022-03-08,26,165,8,939,232,61,336,196.8684580725347
915,2021-05-17,24,837,12,609,341,375,803,295.30268710880205
916,2024-09-12,94,208,9,127,326,75,459,221.47701533160154
917,2023-08-08,64,457,50,961,140,390,207,1230.427862953342
918,2022-07-24,65,841,24,685,311,224,928,590.6053742176041
919,2024-01-22,48,763,21,412,380,104,1039,516.7797024404036
920,2023-05-09,33,444,23,182,461,381,524,565.9968169585372
921,2023-06-20,77,329,47,485,497,330,496,1156.6021911761413
922,2022-09-19,59,351,3,628,274,106,519,73.82567177720051
923,2024-08-10,30,732,49,947,212,137,807,1205.819305694275
924,2021-10-23,94,490,13,573,282,239,533,319.9112443678689
925,2022-02-25,50,84,37,391,142,324,-98,910.516618585473
926,2024-07-23,51,854,38,587,123,369,608,935.1251758445399
927,2022-04-22,7,281,3,940,390,231,440,73.82567177720051
928,2024-12-09,24,769,4,812,124,155,738,98.43422903626735
929,2023-01-27,58,199,48,198,466,70,595,1181.2107484352082
930,2022-04-07,42,489,30,188,359,385,463,738.2567177720051
931,2023-04-27,77,478,43,986,274,72,680,1058.1679621398741
932,2021-11-18,48,906,13,58,340,130,1116,319.9112443678689
933,2022-01-10,77,963,29,487,173,294,842,713.6481605129383
934,2024-03-24,38,321,7,687,217,107,431,172.25990081346788
935,2022-11-08,87,811,9,659,424,393,842,221.47701533160154
936,2023-12-02,58,296,27,785,486,50,732,664.4310459948047
937,2022-12-05,16,381,43,88,341,241,481,1058.1679621398741
938,2024-05-02,89,882,50,680,415,56,1241,1230.427862953342
939,2023-04-02,49,416,40,344,457,176,697,984.3422903626736
940,2024-10-02,100,885,49,407,336,273,948,1205.819305694275
941,2021-11-12,26,430,13,837,290,394,326,319.9112443678689
942,2023-10-26,30,140,45,731,258,315,83,1107.3850766580076
943,2024-01-13,21,504,20,730,475,346,633,492.1711451813368
944,2021-03-21,98,435,40,956,361,193,603,984.3422903626736
945,2022-07-10,70,120,18,133,425,269,276,442.95403066320307
946,2022-07-24,38,837,33,836,244,394,687,812.0823895492057
947,2022-05-07,100,586,5,642,354,226,714,123.0427862953342
948,2021-03-15,91,432,26,113,360,98,694,639.8224887357378
949,2022-05-18,47,720,9,532,146,374,492,221.47701533160154
950,2021-07-23,30,582,35,74,210,305,487,861.2995040673394
951,2024-12-09,45,956,48,853,175,177,954,1181.2107484352082
952,2021-11-28,4,140,42,511,380,192,328,1033.5594048808073
953,2023-08-13,2,105,19,811,117,373,-151,467.5625879222699
954,2024-12-05,43,497,20,468,396,148,745,492.1711451813368
955,2023-05-02,61,785,16,299,153,189,749,393.7369161450694
956,2023-03-14,73,581,27,581,185,229,537,664.4310459948047
957,2022-06-11,43,936,46,828,395,181,1150,1131.9936339170745
958,2023-08-08,49,214,1,836,314,277,251,24.60855725906684
959,2023-07-03,4,504,43,326,224,283,445,1058.1679621398741
960,2022-06-19,64,533,38,869,491,206,818,935.1251758445399
961,2021-01-11,99,152,43,770,184,332,4,1058.1679621398741
962,2023-08-01,65,452,30,526,279,114,617,738.2567177720051
963,2022-02-17,76,525,42,816,106,57,574,1033.5594048808073
964,2023-02-28,46,767,45,981,147,200,714,1107.3850766580076
965,2024-03-24,47,306,49,739,310,97,519,1205.819305694275
966,2021-10-30,33,750,27,660,261,336,675,664.4310459948047
967,2023-10-02,29,786,44,340,173,242,717,1082.776519398941
968,2023-04-10,52,992,18,821,233,341,884,442.95403066320307
969,2024-03-29,67,236,31,805,156,340,52,762.865275031072
970,2021-02-09,35,157,15,136,134,188,103,369.12835888600256
971,2021-09-26,61,886,34,773,439,167,1158,836.6909468082725
972,2023-12-02,20,893,25,883,347,74,1166,615.213931476671
973,2022-07-15,69,93,46,994,185,178,100,1131.9936339170745
974,2021-03-15,84,772,7,260,137,167,742,172.25990081346788
975,2024-10-27,33,993,45,14,426,292,1127,1107.3850766580076
976,2022-12-23,65,684,2,349,248,354,578,49.21711451813368
977,2024-01-17,60,498,25,165,122,339,281,615.213931476671
978,2024-03-30,100,451,1,831,454,300,605,24.60855725906684
979,2022-01-23,44,636,35,717,271,235,672,861.2995040673394
980,2024-03-28,26,391,28,106,404,115,680,689.0396032538715
981,2021-09-06,3,52,7,933,481,266,267,172.25990081346788
982,2021-11-22,99,908,22,819,343,205,1046,541.3882596994705
983,2022-06-04,94,465,4,362,334,267,532,98.43422903626735
984,2021-07-21,50,857,7,495,396,391,862,172.25990081346788
985,2024-08-04,30,218,4,425,185,251,152,98.43422903626735
986,2024-02-11,86,499,44,538,129,247,381,1082.776519398941
987,2024-12-04,54,475,19,611,335,393,417,467.5625879222699
988,2022-07-04,62,136,18,594,165,191,110,442.95403066320307
989,2023-09-21,53,941,28,81,311,83,1169,689.0396032538715
990,2021-03-31,47,839,41,455,200,142,897,1008.9508476217404
991,2023-03-13,12,210,44,586,355,132,433,1082.776519398941
992,2022-10-08,23,443,6,562,433,288,588,147.65134355440102
993,2021-09-11,35,740,16,177,107,162,685,393.7369161450694
994,2021-11-18,34,758,24,633,439,203,994,590.6053742176041
995,2022-10-17,47,282,46,678,367,341,308,1131.9936339170745
996,2023-03-08,22,159,30,365,289,201,247,738.2567177720051
997,2023-02-05,16,253,24,361,470,386,337,590.6053742176041
998,2024-02-19,86,395,5,139,158,83,470,123.0427862953342
999,2022-05-26,47,691,2,500,179,334,536,49.21711451813368
1000,2022-05-25,21,520,40,430,118,317,321,984.3422903626736
