Campaign ID,Campaign Type,Start Date,End Date,Spend Amount,Impressions,Clicks,ROI (%),Campaign Status,Region ID,Product ID,Salesperson ID
C001,Radio,2024-08-11,2024-10-23,98117,10508.0,384.0,13.7,Successful,R003,P044,S002
C002,Print,2024-11-15,2024-11-29,19385,47852.0,404.0,-9.0,Failed,R004,P026,S003
C003,Radio,2021-09-12,2023-09-17,11388,,1776.0,-9.5,Failed,R008,P044,S015
C004,Digital,2022-04-22,2022-05-06,69586,,3726.0,3.5,Failed,R002,P049,S019
C005,Print,2021-05-14,2021-05-28,23372,,1.0,17.9,Successful,R008,P005,S018
C006,Print,2022-12-12,2022-12-26,74770,,2676.0,-6.8,Failed,R005,P033,S005
C007,Print,2023-03-07,2024-12-26,90421,,1534.0,-5.9,Failed,R002,P025,S017
C008,Radio,2024-04-08,2024-11-02,37857,,4110.0,-5.9,Failed,R010,P025,S002
C009,Radio,2022-06-04,2023-07-21,70298,44316.0,4851.0,15.4,Successful,R010,P005,S011
C010,Print,2023-04-21,2024-11-17,42786,,10.0,6.0,Successful,R010,P012,S015
C011,Digital,2022-03-19,2024-09-17,92980,39827.0,3056.0,-9.7,Failed,R007,P010,S003
C012,Digital,2023-07-05,2023-07-19,90209,,,6.3,Successful,R002,P020,S006
C013,TV,2021-12-15,2022-11-17,96115,23736.0,1535.0,13.8,Successful,R010,P016,S002
C014,TV,2021-12-17,2024-03-13,33137,,1206.0,-0.7,Failed,R003,P014,S005
C015,Radio,2021-12-17,2021-12-31,68915,17947.0,1981.0,19.5,Successful,R007,P048,S005
C016,Digital,2024-04-27,2024-09-07,36402,,4440.0,6.3,Successful,R003,P005,S012
C017,Print,2022-04-26,2022-09-22,72392,47758.0,1156.0,6.6,Successful,R006,P045,S019
C018,Radio,2022-10-16,2023-03-10,53006,40945.0,3815.0,2.6,Failed,R007,P005,S015
C019,Radio,2021-01-22,2023-01-06,25603,1945.0,2706.0,12.9,Successful,R010,P021,S015
C020,Radio,2022-12-25,2023-01-08,54971,37774.0,2.0,-5.3,Failed,R001,P009,S005
C021,Digital,2022-07-05,2023-07-26,60507,21367.0,1724.0,16.1,Successful,R010,P034,S019
C022,TV,2023-08-17,2023-08-31,42378,,4014.0,-5.9,Failed,R009,P038,S002
C023,Print,2022-01-27,2022-02-10,52918,42915.0,3682.0,-7.0,Failed,R004,P003,S013
C024,TV,2021-04-25,2024-03-12,46303,,3404.0,3.7,Failed,R002,P046,S010
C025,Digital,2022-12-01,2022-12-15,70053,28481.0,1936.0,-9.7,Failed,R003,P045,S006
C026,Radio,2023-10-15,2023-10-29,80223,,2618.0,19.8,Successful,R008,P013,S010
C027,Radio,2021-10-21,2024-08-10,15183,38593.0,2.0,13.9,Successful,R002,P026,S018
C028,TV,2021-02-19,2023-11-25,83686,,,7.6,Successful,R007,P034,S003
C029,TV,2024-07-12,2024-07-26,79252,,1160.0,-9.3,Failed,R008,P031,S018
C030,Digital,2023-03-02,2024-06-09,74246,11184.0,1074.0,5.5,Successful,R009,P003,S014
C031,Radio,2021-04-14,2022-06-08,59231,,464.0,-5.4,Failed,R007,P046,S006
C032,TV,2021-01-01,2023-11-07,33800,10269.0,2018.0,-9.8,Failed,R006,P010,S015
C033,Print,2022-02-18,2022-03-04,16929,48172.0,54.0,10.3,Successful,R001,P050,S010
C034,Radio,2024-04-04,2024-04-18,46476,,2950.0,13.7,Successful,R006,P047,S014
C035,Digital,2022-09-26,2023-10-29,77074,43520.0,3976.0,-6.9,Failed,R004,P003,S012
C036,Print,2021-09-19,2021-10-03,31994,,1632.0,-2.0,Failed,R007,P004,S018
C037,Print,2023-05-09,2024-11-15,20242,30661.0,,14.3,Successful,R002,P033,S016
C038,Digital,2024-04-03,2024-04-17,65339,,4213.0,10.5,Successful,R007,P025,S002
C039,Digital,2021-08-05,2023-10-01,54631,35965.0,2569.0,-9.3,Failed,R002,P042,S016
C040,Print,2023-10-09,2024-06-03,22128,,1881.0,15.4,Successful,R006,P036,S001
C041,Print,2021-10-09,2022-11-17,12864,,851.0,-7.2,Failed,R007,P037,S013
C042,TV,2022-03-12,2022-08-17,20144,7080.0,379.0,-4.5,Failed,R007,P044,S018
C043,Print,2023-05-08,2023-07-29,91594,,382.0,0.3,Failed,R002,P001,S010
C044,Radio,2021-04-29,2021-05-28,48222,40259.0,799.0,8.9,Successful,R006,P012,S010
C045,TV,2022-12-24,2023-09-05,62144,37215.0,209.0,6.8,Successful,R005,P022,S009
C046,Digital,2021-04-29,2021-05-13,71539,,3357.0,7.5,Successful,R008,P049,S015
C047,TV,2024-08-27,2024-09-10,49468,,3426.0,-6.5,Failed,R005,P034,S018
C048,Radio,2023-08-17,2024-01-14,71422,2698.0,773.0,3.0,Failed,R009,P033,S008
C049,Print,2023-06-22,2023-07-06,63095,48799.0,1731.0,12.0,Successful,R004,P015,S016
C050,Radio,2023-05-07,2024-09-25,20770,38833.0,4275.0,-8.4,Failed,R003,P050,S017
C051,Digital,2022-08-07,2024-09-23,54847,,1429.0,2.4,Failed,R009,P049,S009
C052,Digital,2024-09-14,2024-09-28,61224,,2578.0,19.1,Successful,R002,P050,S009
C053,Digital,2023-04-25,2023-05-09,41730,,1893.0,-3.1,Failed,R002,P038,S008
C054,Print,2021-06-29,2021-07-13,34783,7186.0,584.0,-8.5,Failed,R007,P032,S018
C055,Radio,2023-07-18,2023-08-01,74185,,1012.0,1.3,Failed,R006,P033,S011
C056,Print,2021-04-09,2021-10-10,34269,,1551.0,-8.6,Failed,R006,P014,S003
C057,Print,2023-10-09,2023-10-23,19824,,3267.0,7.0,Successful,R003,P041,S010
C058,Digital,2024-10-31,2024-11-14,41356,,2545.0,-6.3,Failed,R009,P017,S005
C059,TV,2022-08-16,2024-08-10,51572,9199.0,4946.0,-3.1,Failed,R006,P034,S015
C060,Print,2022-12-24,2023-05-14,49098,5167.0,2002.0,4.7,Failed,R004,P039,S016
C061,Print,2024-05-02,2024-05-16,91698,,4219.0,1.3,Failed,R010,P049,S014
C062,Radio,2024-04-01,2024-04-15,19387,18002.0,3.0,10.4,Successful,R008,P024,S015
C063,Radio,2021-05-05,2022-11-04,70217,48700.0,1041.0,-0.8,Failed,R001,P031,S001
C064,TV,2024-10-02,2024-10-16,18900,23637.0,3218.0,-1.8,Failed,R006,P035,S003
C065,TV,2023-01-12,2023-01-26,76200,,3088.0,-7.9,Failed,R005,P029,S006
C066,Digital,2023-11-09,2024-11-30,81735,,4899.0,18.9,Successful,R008,P016,S007
C067,Print,2021-03-01,2021-07-04,30500,44663.0,2928.0,8.9,Successful,R006,P036,S013
C068,Print,2022-06-08,2022-06-22,20922,43932.0,3563.0,11.3,Successful,R008,P042,S008
C069,TV,2023-04-28,2023-05-12,78660,26036.0,2294.0,18.4,Successful,R008,P011,S005
C070,Digital,2022-01-18,2024-02-27,73680,,4188.0,19.7,Successful,R003,P013,S017
C071,TV,2022-08-07,2022-08-21,12786,5007.0,9.0,7.8,Successful,R001,P018,S018
C072,Print,2023-03-10,2023-11-06,90235,,1238.0,-9.1,Failed,R006,P007,S008
C073,TV,2023-08-16,2023-12-04,85485,42814.0,2095.0,10.9,Successful,R004,P017,S003
C074,TV,2022-04-18,2022-05-02,24822,,2580.0,-6.8,Failed,R003,P025,S005
C075,Digital,2023-04-26,2023-05-10,30582,27263.0,7.0,-3.3,Failed,R005,P046,S010
C076,Print,2023-03-29,2023-04-12,39417,45216.0,3383.0,19.0,Successful,R004,P022,S016
C077,Print,2024-06-15,2024-06-29,38393,20766.0,1851.0,19.8,Successful,R002,P033,S011
C078,Radio,2021-09-24,2023-12-08,61724,,1124.0,12.4,Successful,R004,P042,S015
C079,Print,2023-11-09,2024-02-27,56654,42200.0,1474.0,0.4,Failed,R007,P026,S002
C080,Print,2021-08-29,2022-06-14,70151,1872.0,3551.0,16.6,Successful,R008,P036,S020
C081,Radio,2023-05-09,2024-06-17,83868,,4083.0,6.5,Successful,R007,P020,S011
C082,TV,2024-01-28,2024-02-11,79091,42582.0,900.0,10.0,Successful,R008,P015,S002
C083,Radio,2024-06-13,2024-10-04,36020,33153.0,4368.0,1.9,Failed,R004,P021,S003
C084,TV,2024-02-20,2024-03-05,96474,44438.0,6.0,12.7,Successful,R009,P042,S002
C085,Digital,2024-03-23,2024-04-06,33919,,2298.0,14.0,Successful,R002,P026,S016
C086,Print,2023-12-24,2024-06-17,26376,,735.0,-1.3,Failed,R006,P032,S008
C087,Radio,2023-04-02,2024-06-18,16805,,4387.0,7.5,Successful,R009,P021,S016
C088,Print,2021-03-07,2021-10-09,11290,,3404.0,-9.2,Failed,R002,P022,S016
C089,TV,2024-12-01,2024-12-15,42294,,3562.0,3.7,Failed,R004,P041,S017
C090,TV,2023-03-21,2024-05-14,74838,,4922.0,5.8,Successful,R001,P010,S020
C091,Digital,2021-04-01,2024-06-15,37907,8416.0,3932.0,-5.9,Failed,R004,P032,S006
C092,TV,2022-05-18,2022-06-01,70081,49276.0,324.0,-7.5,Failed,R010,P022,S003
C093,Print,2021-11-15,2024-08-07,71907,25947.0,2146.0,11.1,Successful,R001,P030,S007
C094,Digital,2023-08-03,2023-08-17,79069,,3587.0,10.8,Successful,R002,P034,S012
C095,Radio,2024-02-12,2024-02-26,42349,,159.0,1.1,Failed,R001,P013,S002
C096,Print,2022-04-04,2022-09-01,26232,,4048.0,-8.2,Failed,R005,P034,S006
C097,Print,2023-08-10,2023-08-24,79077,,2328.0,-2.2,Failed,R002,P011,S016
C098,Print,2023-09-28,2024-05-06,41550,21292.0,2505.0,8.2,Successful,R009,P039,S020
C099,TV,2023-03-31,2024-07-23,65152,,1926.0,3.3,Failed,R007,P010,S016
C100,Digital,2024-07-24,2024-08-07,18131,20396.0,3007.0,17.7,Successful,R003,P013,S003
C101,TV,2022-05-01,2024-09-28,82045,9225.0,610.0,4.6,Failed,R003,P001,S020
C102,Digital,2024-03-19,2024-12-15,14959,,4.0,10.5,Successful,R005,P023,S012
C103,Print,2023-04-17,2024-02-03,81230,9267.0,3121.0,5.3,Successful,R007,P015,S019
C104,Radio,2021-06-21,2021-10-15,87300,,2694.0,19.2,Successful,R001,P003,S014
C105,Radio,2021-11-28,2023-02-03,68309,14758.0,1719.0,-2.6,Failed,R004,P008,S002
C106,Print,2021-08-31,2023-10-20,99590,28767.0,3861.0,9.8,Successful,R003,P024,S011
C107,Digital,2022-04-07,2023-07-07,65045,24928.0,2130.0,-1.1,Failed,R006,P029,S013
C108,Radio,2022-11-28,2022-12-12,10805,,3487.0,19.5,Successful,R008,P041,S005
C109,Print,2023-03-11,2023-03-25,38470,,3632.0,10.5,Successful,R006,P035,S005
C110,Digital,2023-03-14,2023-03-28,31574,1094.0,1029.0,19.7,Successful,R001,P007,S014
C111,Digital,2021-01-01,2024-10-07,66481,,2616.0,3.6,Failed,R006,P031,S001
C112,Digital,2022-06-11,2022-06-25,12372,,4545.0,-1.1,Failed,R001,P033,S010
C113,Digital,2023-03-02,2023-03-16,41131,,2425.0,-4.9,Failed,R005,P018,S019
C114,Digital,2023-04-02,2023-04-16,28925,23259.0,,2.2,Failed,R004,P038,S015
C115,Print,2021-04-22,2024-03-23,89852,4200.0,4889.0,15.1,Successful,R003,P006,S001
C116,Digital,2022-10-27,2022-11-10,47872,,3011.0,-7.3,Failed,R002,P042,S006
C117,Digital,2022-06-23,2022-08-07,38227,,3738.0,1.8,Failed,R003,P004,S015
C118,TV,2023-03-10,2023-03-24,72887,26966.0,3373.0,5.6,Successful,R005,P047,S008
C119,Print,2023-03-21,2023-11-26,55983,,1778.0,9.3,Successful,R002,P039,S006
C120,TV,2023-04-12,2024-02-27,39056,,4249.0,19.5,Successful,R002,P009,S015
C121,Radio,2022-12-19,2023-02-02,99751,,1680.0,6.8,Successful,R003,P005,S011
C122,Radio,2024-01-18,2024-02-01,85584,,844.0,-7.6,Failed,R010,P019,S007
C123,Digital,2023-05-18,2023-06-01,39942,,4682.0,-4.8,Failed,R010,P038,S006
C124,TV,2024-11-14,2024-11-28,36579,,3038.0,-1.7,Failed,R005,P022,S004
C125,Radio,2021-02-05,2022-11-06,53964,,4238.0,-8.8,Failed,R006,P024,S008
C126,Print,2021-02-26,2022-07-11,21481,39996.0,4179.0,-9.6,Failed,R003,P003,S015
C127,Radio,2023-08-05,2024-02-28,77833,,710.0,5.1,Successful,R005,P008,S016
C128,Radio,2023-11-02,2023-11-16,35997,31283.0,487.0,18.5,Successful,R008,P036,S009
C129,TV,2021-09-06,2021-09-20,83235,,287.0,16.6,Successful,R005,P014,S015
C130,TV,2021-03-03,2023-08-27,18789,10521.0,1924.0,-4.1,Failed,R005,P004,S015
C131,Radio,2021-02-10,2023-04-29,24466,,2356.0,-9.8,Failed,R005,P031,S002
C132,Print,2024-10-01,2024-10-15,45350,26292.0,10.0,5.3,Successful,R002,P013,S013
C133,Print,2022-04-02,2022-04-16,84752,,920.0,17.9,Successful,R008,P039,S018
C134,TV,2024-06-02,2024-06-16,43631,22016.0,2723.0,5.5,Successful,R010,P008,S007
C135,Digital,2024-09-02,2024-09-16,35950,,360.0,13.0,Successful,R007,P020,S004
C136,Print,2023-05-25,2024-09-05,49859,17213.0,2137.0,20.0,Successful,R006,P044,S013
C137,Radio,2021-01-25,2022-05-16,99277,,466.0,-3.7,Failed,R009,P015,S019
C138,Radio,2021-06-07,2023-10-20,52513,35197.0,3525.0,17.2,Successful,R001,P004,S012
C139,TV,2024-07-14,2024-07-28,23510,,1216.0,-3.7,Failed,R008,P031,S016
C140,Digital,2022-10-14,2022-10-28,87010,29214.0,4763.0,15.7,Successful,R003,P044,S006
C141,Radio,2022-05-29,2023-05-20,49392,,,15.8,Successful,R005,P038,S003
C142,TV,2024-04-29,2024-09-02,21401,15289.0,3.0,2.9,Failed,R005,P003,S014
C143,Print,2024-10-16,2024-10-30,17681,,4177.0,3.8,Failed,R004,P018,S002
C144,TV,2023-10-03,2023-10-17,72290,5525.0,,2.1,Failed,R009,P033,S020
C145,TV,2024-06-02,2024-06-16,35067,46518.0,2156.0,17.4,Successful,R005,P049,S013
C146,TV,2023-12-24,2024-01-07,21519,,4362.0,16.7,Successful,R005,P001,S005
C147,Digital,2024-06-29,2024-07-13,18072,6533.0,1147.0,14.7,Successful,R007,P047,S003
C148,TV,2023-07-17,2023-07-31,70839,38328.0,3984.0,16.9,Successful,R005,P031,S019
C149,TV,2024-03-31,2024-05-31,79855,,908.0,-4.1,Failed,R004,P018,S017
C150,TV,2023-10-15,2023-10-29,21865,15498.0,3120.0,-3.2,Failed,R005,P014,S014
C151,Print,2023-05-02,2023-05-16,43342,30324.0,5.0,-5.3,Failed,R002,P020,S010
C152,TV,2024-07-10,2024-07-29,98735,2977.0,2780.0,14.0,Successful,R008,P013,S006
C153,Print,2021-11-19,2022-06-13,11330,29748.0,3157.0,16.9,Successful,R005,P040,S004
C154,Digital,2023-01-05,2023-01-19,27975,,2664.0,19.7,Successful,R007,P006,S019
C155,Radio,2023-07-22,2023-08-05,41556,49843.0,776.0,13.9,Successful,R003,P015,S017
C156,Digital,2021-11-20,2024-07-15,13834,,1833.0,1.0,Failed,R004,P032,S008
C157,Digital,2021-06-08,2022-02-12,89548,,711.0,-6.0,Failed,R008,P023,S020
C158,TV,2022-08-20,2023-02-07,95884,11670.0,197.0,-6.7,Failed,R002,P048,S012
C159,TV,2021-01-23,2023-02-12,87637,1146.0,2352.0,-5.8,Failed,R004,P027,S006
C160,Print,2023-08-23,2023-09-06,50508,,7.0,9.6,Successful,R004,P008,S009
C161,Digital,2024-07-29,2024-08-12,45236,44731.0,3248.0,-9.9,Failed,R002,P002,S003
C162,Digital,2021-06-29,2021-07-13,90669,,2663.0,17.8,Successful,R009,P037,S010
C163,Digital,2023-10-18,2023-11-01,58632,38424.0,1.0,-4.7,Failed,R005,P026,S014
C164,Digital,2021-10-14,2023-01-30,26963,47698.0,2554.0,11.6,Successful,R002,P047,S002
C165,Print,2021-09-04,2023-10-27,12213,,,9.1,Successful,R008,P047,S019
C166,Print,2021-04-25,2024-12-20,87719,,955.0,15.8,Successful,R003,P013,S018
C167,Radio,2022-09-19,2023-06-30,58725,44412.0,3651.0,16.8,Successful,R005,P044,S005
C168,Digital,2022-03-01,2022-10-26,49361,39183.0,3729.0,7.8,Successful,R003,P049,S011
C169,TV,2023-07-14,2024-12-17,58245,,3629.0,8.5,Successful,R002,P021,S009
C170,Print,2023-11-08,2023-11-22,60003,,965.0,-2.2,Failed,R006,P019,S011
C171,Print,2022-09-04,2022-09-18,20642,,2658.0,-7.3,Failed,R004,P042,S009
C172,Digital,2023-01-12,2024-03-28,81641,11445.0,809.0,2.7,Failed,R009,P011,S003
C173,Digital,2023-03-28,2023-04-11,84793,,2883.0,15.9,Successful,R009,P002,S019
C174,TV,2021-04-21,2022-06-26,89459,,3932.0,17.6,Successful,R010,P050,S008
C175,Print,2024-03-05,2024-03-19,76843,3677.0,764.0,-1.6,Failed,R010,P042,S017
C176,Print,2024-04-12,2024-04-26,70559,17353.0,2761.0,10.1,Successful,R010,P029,S013
C177,Print,2024-01-30,2024-02-13,10270,16327.0,3335.0,14.2,Successful,R008,P016,S014
C178,TV,2024-04-20,2024-12-16,95673,,1240.0,3.8,Failed,R001,P020,S020
C179,TV,2022-08-07,2023-11-25,94465,,2.0,19.4,Successful,R010,P040,S002
C180,Print,2022-05-10,2023-09-01,48238,,3649.0,-7.1,Failed,R007,P013,S011
C181,Digital,2023-01-09,2023-01-23,48749,,1321.0,6.7,Successful,R010,P003,S012
C182,Radio,2023-01-04,2023-01-18,20704,39629.0,2030.0,3.1,Failed,R005,P017,S019
C183,Radio,2023-04-17,2023-05-01,54384,32240.0,203.0,-8.9,Failed,R008,P049,S010
C184,Print,2021-08-26,2021-09-24,57309,5967.0,,0.5,Failed,R005,P029,S017
C185,Print,2021-06-01,2024-06-24,60162,,4987.0,0.9,Failed,R007,P010,S020
C186,Digital,2022-08-04,2024-07-10,73948,20294.0,10.0,-9.2,Failed,R006,P044,S002
C187,Digital,2024-06-20,2024-07-04,68486,,4366.0,13.4,Successful,R009,P036,S018
C188,Radio,2021-08-20,2021-09-03,15560,16289.0,4.0,8.9,Successful,R004,P007,S002
C189,Radio,2022-01-20,2022-02-03,10013,37847.0,3.0,-8.6,Failed,R009,P039,S013
C190,Digital,2023-10-25,2023-11-08,82616,6092.0,7.0,15.7,Successful,R006,P041,S003
C191,Digital,2024-01-18,2024-02-01,83042,,4.0,8.6,Successful,R010,P024,S004
C192,Radio,2023-10-13,2023-10-27,89072,44568.0,5.0,6.4,Successful,R004,P049,S012
C193,Digital,2021-10-04,2021-10-18,19142,22525.0,7.0,-6.6,Failed,R001,P009,S018
C194,Print,2023-05-30,2023-06-13,12680,35867.0,4713.0,14.7,Successful,R008,P048,S004
C195,TV,2023-07-16,2023-07-30,35145,43152.0,3693.0,-9.9,Failed,R005,P038,S020
C196,Radio,2022-08-13,2022-08-27,61582,49249.0,4982.0,4.3,Failed,R009,P044,S010
C197,TV,2021-09-04,2022-04-19,89451,21793.0,,15.2,Successful,R005,P039,S007
C198,TV,2022-06-07,2022-06-21,26467,,3657.0,8.9,Successful,R008,P023,S009
C199,Radio,2021-06-01,2021-06-15,67802,12693.0,,15.1,Successful,R005,P021,S013
C200,Print,2024-03-18,2024-04-01,32313,18403.0,1710.0,-2.0,Failed,R007,P041,S016
C201,Radio,2021-07-18,2022-03-09,35366,,8.0,9.7,Successful,R002,P014,S002
C202,Radio,2021-04-15,2023-03-18,64604,41709.0,4583.0,15.5,Successful,R009,P049,S020
C203,Print,2021-07-03,2022-03-31,60034,,3362.0,9.7,Successful,R008,P006,S006
C204,Radio,2021-12-04,2022-11-23,20088,,3004.0,11.5,Successful,R004,P027,S005
C205,Radio,2023-03-28,2023-04-11,57354,,10.0,-5.7,Failed,R007,P031,S016
C206,Print,2024-06-05,2024-06-19,50293,17407.0,70.0,4.0,Failed,R010,P017,S010
C207,Digital,2023-01-08,2023-01-22,28901,,624.0,5.6,Successful,R004,P039,S019
C208,TV,2021-12-03,2021-12-18,27913,23397.0,3946.0,5.3,Successful,R001,P018,S014
C209,Digital,2022-11-11,2023-05-07,31144,,1793.0,14.9,Successful,R001,P022,S014
C210,Digital,2023-04-24,2024-03-13,36514,10530.0,1559.0,15.7,Successful,R009,P010,S020
C211,Print,2024-02-12,2024-02-26,85838,27336.0,329.0,6.3,Successful,R002,P050,S018
C212,Radio,2024-07-28,2024-08-11,55489,13769.0,2088.0,8.0,Successful,R002,P031,S014
C213,Digital,2021-01-24,2022-02-14,91878,27197.0,2913.0,11.5,Successful,R007,P042,S010
C214,TV,2021-11-16,2022-10-09,84813,,4313.0,9.8,Successful,R002,P041,S020
C215,Radio,2022-08-20,2022-09-03,55559,45873.0,3523.0,5.8,Successful,R008,P026,S016
C216,TV,2021-08-26,2023-12-04,32400,31315.0,,16.8,Successful,R006,P041,S015
C217,Print,2023-11-22,2023-12-06,60624,,1056.0,11.7,Successful,R010,P021,S017
C218,Digital,2022-08-05,2024-06-19,71478,5667.0,3001.0,9.9,Successful,R005,P020,S018
C219,Radio,2024-09-11,2024-09-25,47697,,,-6.5,Failed,R004,P036,S007
C220,Print,2024-04-08,2024-04-22,19703,,1947.0,13.8,Successful,R010,P039,S013
C221,Radio,2022-09-11,2023-07-25,37662,33834.0,1054.0,-8.5,Failed,R001,P001,S002
C222,Digital,2023-03-19,2024-11-06,99643,,3.0,1.9,Failed,R008,P008,S002
C223,Radio,2024-06-13,2024-06-27,84439,45499.0,1772.0,-5.3,Failed,R004,P039,S013
C224,Radio,2021-05-31,2021-06-14,84782,46916.0,3205.0,9.1,Successful,R005,P010,S017
C225,Digital,2021-12-17,2024-02-20,38200,24556.0,2293.0,-0.5,Failed,R002,P012,S019
C226,Print,2021-02-13,2022-08-22,98111,32181.0,4040.0,-4.0,Failed,R004,P047,S018
C227,Digital,2021-02-12,2024-05-13,34489,5122.0,500.0,7.3,Successful,R009,P045,S002
C228,Digital,2022-12-10,2024-03-26,51339,32275.0,1860.0,15.7,Successful,R005,P033,S012
C229,Digital,2024-11-27,2024-12-11,70507,,1160.0,18.2,Successful,R001,P003,S008
C230,TV,2022-11-14,2024-04-30,77690,,3464.0,3.2,Failed,R004,P011,S019
C231,Digital,2023-02-27,2023-03-13,59048,43615.0,4541.0,-5.4,Failed,R003,P012,S009
C232,Digital,2022-06-14,2023-07-05,16856,30187.0,695.0,8.5,Successful,R001,P049,S007
C233,TV,2022-09-21,2024-12-15,59191,21543.0,,16.1,Successful,R010,P027,S005
C234,TV,2021-06-05,2024-11-17,89314,19398.0,4298.0,12.0,Successful,R001,P017,S009
C235,Digital,2022-12-18,2024-07-11,29405,,8.0,1.3,Failed,R002,P026,S004
C236,TV,2021-03-18,2024-11-24,30007,18798.0,4664.0,3.5,Failed,R007,P033,S007
C237,Digital,2024-07-24,2024-08-07,86968,34387.0,4220.0,7.3,Successful,R006,P013,S006
C238,Print,2021-08-07,2022-08-28,49159,,,-9.2,Failed,R006,P037,S005
C239,TV,2021-12-09,2022-02-02,72647,,4407.0,19.1,Successful,R006,P030,S006
C240,Radio,2022-11-18,2024-09-01,36800,8867.0,1019.0,-8.1,Failed,R005,P045,S002
C241,Radio,2022-06-17,2022-07-01,20989,,3026.0,8.6,Successful,R009,P020,S020
C242,Print,2021-07-04,2021-10-10,32245,,2979.0,5.3,Successful,R005,P038,S010
C243,Print,2022-12-21,2024-08-04,28587,,5.0,9.4,Successful,R006,P016,S003
C244,Print,2023-08-28,2023-09-11,72847,41086.0,1433.0,-7.5,Failed,R001,P004,S020
C245,Digital,2023-11-12,2023-11-26,52373,31618.0,1090.0,-2.8,Failed,R006,P006,S004
C246,Print,2021-11-18,2024-03-26,41926,27918.0,2765.0,6.8,Successful,R003,P007,S002
C247,Radio,2022-07-14,2022-10-04,82429,29988.0,834.0,-9.4,Failed,R001,P042,S004
C248,Digital,2024-01-25,2024-02-08,63243,,4052.0,11.0,Successful,R008,P020,S016
C249,Digital,2022-03-11,2024-10-15,69477,14548.0,1464.0,4.7,Failed,R008,P035,S017
C250,Radio,2023-12-03,2024-12-07,37516,,1484.0,-3.2,Failed,R010,P020,S001
C251,Digital,2024-09-15,2024-09-29,99413,,512.0,-8.8,Failed,R005,P049,S001
C252,Digital,2024-10-16,2024-10-30,56328,41594.0,5.0,16.3,Successful,R003,P041,S015
C253,Print,2023-12-06,2023-12-20,99527,,110.0,2.2,Failed,R007,P027,S010
C254,Print,2021-11-24,2023-09-30,86298,,,12.8,Successful,R009,P011,S003
C255,TV,2022-08-20,2022-09-03,19070,7677.0,,19.3,Successful,R008,P031,S018
C256,Digital,2024-02-26,2024-03-11,50549,2301.0,4540.0,14.8,Successful,R010,P043,S014
C257,Digital,2021-04-26,2024-10-25,76988,,1199.0,14.4,Successful,R005,P002,S014
C258,Print,2024-11-17,2024-12-01,40658,35837.0,1062.0,7.3,Successful,R005,P039,S011
C259,Print,2021-02-08,2024-04-08,66735,,10.0,2.7,Failed,R004,P049,S018
C260,Digital,2021-10-13,2022-11-07,64202,1407.0,3505.0,0.4,Failed,R001,P015,S002
C261,Radio,2021-10-18,2023-06-28,59878,19300.0,,-2.9,Failed,R007,P037,S007
C262,Print,2024-09-02,2024-09-16,42704,16459.0,2742.0,-8.7,Failed,R006,P029,S020
C263,Digital,2022-06-19,2022-07-03,56120,35561.0,3112.0,-9.3,Failed,R006,P042,S018
C264,Print,2021-02-14,2023-06-03,36985,9066.0,3.0,-2.8,Failed,R004,P012,S004
C265,Radio,2024-08-20,2024-12-29,50461,,3789.0,6.4,Successful,R007,P013,S009
C266,TV,2023-09-19,2024-07-11,71808,21238.0,10.0,18.9,Successful,R007,P006,S019
C267,Radio,2024-08-11,2024-08-25,99215,18409.0,308.0,-6.6,Failed,R002,P016,S016
C268,TV,2023-09-05,2024-05-14,27502,,4202.0,-9.1,Failed,R003,P029,S012
C269,Digital,2023-06-04,2023-06-18,12413,,1208.0,-0.1,Failed,R008,P033,S016
C270,TV,2024-04-17,2024-05-01,52748,23289.0,2414.0,10.4,Successful,R003,P008,S008
C271,Radio,2022-04-28,2022-05-12,82586,,632.0,5.4,Successful,R002,P001,S015
C272,Print,2024-04-19,2024-05-03,51820,28049.0,7.0,11.9,Successful,R010,P016,S009
C273,Radio,2021-10-01,2021-12-07,96871,,698.0,8.1,Successful,R005,P002,S012
C274,Radio,2023-08-02,2023-08-16,67458,23701.0,2.0,-1.7,Failed,R010,P047,S013
C275,Radio,2024-06-19,2024-07-03,43723,16602.0,3.0,15.2,Successful,R007,P043,S016
C276,Digital,2024-10-26,2024-11-09,87004,13942.0,464.0,4.4,Failed,R007,P043,S017
C277,Print,2023-12-01,2023-12-15,38071,23852.0,3854.0,14.3,Successful,R010,P046,S018
C278,Radio,2021-06-02,2021-06-16,25689,25228.0,1179.0,10.2,Successful,R004,P003,S007
C279,Radio,2022-08-18,2022-09-01,55304,,593.0,1.9,Failed,R001,P047,S002
C280,Radio,2024-07-02,2024-07-16,36292,,1161.0,-1.9,Failed,R008,P047,S019
C281,TV,2022-11-26,2022-12-10,34745,,1673.0,8.7,Successful,R008,P036,S019
C282,Print,2022-12-11,2023-08-08,72561,46698.0,197.0,7.6,Successful,R001,P019,S018
C283,Print,2021-07-23,2022-04-28,58520,,628.0,1.4,Failed,R005,P020,S018
C284,TV,2022-02-17,2022-03-03,65347,,219.0,-8.6,Failed,R002,P013,S003
C285,Print,2022-02-12,2024-12-24,85260,,1379.0,-4.0,Failed,R007,P020,S001
C286,Print,2021-07-27,2024-03-27,44923,40621.0,31.0,2.1,Failed,R009,P011,S008
C287,TV,2021-02-17,2022-09-08,98930,,727.0,-0.7,Failed,R006,P023,S017
C288,Print,2021-07-20,2022-02-18,86464,,2885.0,13.7,Successful,R006,P023,S004
C289,Radio,2023-08-03,2023-08-17,52354,25733.0,3965.0,18.5,Successful,R004,P043,S018
C290,Digital,2023-07-08,2023-07-22,42719,31384.0,4151.0,4.4,Failed,R005,P009,S004
C291,TV,2023-08-14,2024-08-06,12272,,890.0,1.5,Failed,R010,P033,S002
C292,Print,2022-06-24,2024-05-17,63049,,2489.0,-1.4,Failed,R002,P017,S010
C293,TV,2021-03-13,2023-06-13,50900,1687.0,3376.0,-3.4,Failed,R006,P023,S007
C294,Print,2021-03-22,2022-08-31,59733,39143.0,4666.0,0.3,Failed,R005,P026,S001
C295,TV,2023-01-19,2023-05-27,25710,,7.0,16.7,Successful,R008,P049,S012
C296,Radio,2024-10-21,2024-11-04,33673,,656.0,8.9,Successful,R008,P046,S009
C297,Digital,2024-08-26,2024-09-09,89238,42916.0,3568.0,3.0,Failed,R003,P002,S005
C298,Print,2021-01-08,2024-09-13,74027,,1205.0,13.9,Successful,R010,P020,S013
C299,Digital,2023-03-22,2024-03-26,73023,,4564.0,9.4,Successful,R010,P023,S016
C300,Print,2021-01-26,2021-10-27,55268,,236.0,-1.4,Failed,R005,P017,S012
C301,Radio,2023-01-29,2023-02-12,72946,47337.0,4117.0,-3.1,Failed,R010,P008,S001
C302,TV,2022-12-10,2022-12-24,64959,,4277.0,-7.5,Failed,R009,P046,S001
C303,Radio,2023-11-10,2023-11-24,13662,,3280.0,-5.1,Failed,R005,P038,S005
C304,Print,2021-08-04,2022-11-18,80862,14996.0,3724.0,10.9,Successful,R007,P039,S007
C305,Radio,2021-02-07,2022-07-23,57735,28951.0,,16.7,Successful,R005,P043,S012
C306,Print,2022-08-12,2024-06-23,86782,39219.0,3706.0,-5.5,Failed,R004,P050,S004
C307,Digital,2024-10-02,2024-10-16,83304,10470.0,1194.0,8.8,Successful,R001,P007,S015
C308,Print,2021-11-29,2022-04-27,42287,3108.0,893.0,14.5,Successful,R008,P048,S010
C309,Radio,2024-09-16,2024-09-30,77860,,52.0,-1.5,Failed,R010,P050,S011
C310,TV,2022-07-31,2024-12-04,80822,49980.0,941.0,8.1,Successful,R010,P002,S003
C311,Digital,2021-09-29,2024-03-03,87339,,2057.0,10.5,Successful,R010,P005,S011
C312,Digital,2021-08-25,2024-12-04,80821,29452.0,257.0,6.5,Successful,R008,P004,S011
C313,Digital,2022-01-26,2023-12-09,28753,12046.0,4642.0,2.6,Failed,R003,P009,S015
C314,Radio,2024-01-27,2024-07-10,13232,,2929.0,8.8,Successful,R002,P044,S014
C315,Radio,2024-05-09,2024-05-23,69329,,7.0,-4.4,Failed,R004,P030,S016
C316,Radio,2024-08-31,2024-09-14,44657,,4163.0,1.3,Failed,R006,P020,S013
C317,Radio,2021-09-25,2021-12-28,79076,,8.0,17.3,Successful,R006,P028,S003
C318,TV,2024-11-26,2024-12-10,93524,6342.0,1296.0,15.6,Successful,R007,P038,S010
C319,Digital,2023-03-15,2024-03-29,29457,,4627.0,10.3,Successful,R002,P049,S011
C320,Digital,2022-04-13,2022-04-27,98685,23169.0,8.0,14.1,Successful,R005,P011,S001
C321,Print,2021-08-18,2022-05-01,42471,,3081.0,3.4,Failed,R002,P040,S018
C322,Radio,2022-08-27,2024-06-26,84541,,2.0,-9.2,Failed,R001,P028,S003
C323,Digital,2024-09-17,2024-10-01,85023,25519.0,3025.0,-6.2,Failed,R002,P023,S014
C324,TV,2023-10-05,2023-10-19,15509,43473.0,1499.0,15.3,Successful,R002,P033,S017
C325,Digital,2021-06-12,2023-05-17,70533,4166.0,4095.0,5.2,Successful,R007,P031,S018
C326,TV,2024-05-05,2024-05-19,37625,,8.0,4.3,Failed,R001,P015,S010
C327,TV,2023-01-05,2023-10-14,15219,,2885.0,-4.5,Failed,R002,P028,S001
C328,Radio,2021-06-08,2023-07-04,83401,47927.0,1974.0,17.7,Successful,R008,P050,S019
C329,Digital,2024-08-21,2024-09-04,95783,44279.0,2112.0,1.3,Failed,R001,P010,S006
C330,Radio,2023-06-26,2023-07-10,20232,20300.0,3422.0,-2.5,Failed,R005,P034,S010
C331,TV,2021-06-04,2023-12-19,23611,,2884.0,-3.0,Failed,R003,P003,S018
C332,Print,2021-04-01,2022-12-03,76669,18733.0,9.0,-8.6,Failed,R006,P039,S004
C333,Digital,2022-06-09,2022-12-30,61704,26287.0,2061.0,14.6,Successful,R004,P033,S016
C334,Digital,2022-08-04,2022-08-18,68391,1649.0,250.0,18.9,Successful,R001,P040,S020
C335,Radio,2023-09-21,2023-10-05,81119,30121.0,4130.0,-0.2,Failed,R001,P032,S004
C336,Radio,2021-02-06,2023-04-21,22345,33802.0,447.0,-4.7,Failed,R003,P010,S001
C337,Radio,2022-05-27,2024-04-25,73333,,,11.6,Successful,R001,P032,S005
C338,Radio,2021-05-21,2024-03-25,59687,,1079.0,14.9,Successful,R002,P006,S007
C339,Radio,2024-03-21,2024-04-04,28487,,4677.0,2.1,Failed,R004,P009,S018
C340,Radio,2022-08-18,2023-09-26,40509,,3101.0,-5.7,Failed,R004,P014,S009
C341,Print,2021-03-15,2023-08-05,69698,,849.0,15.3,Successful,R004,P033,S014
C342,Digital,2024-09-17,2024-10-01,33342,,2730.0,-4.3,Failed,R002,P009,S005
C343,TV,2022-03-31,2022-04-14,44692,14556.0,4287.0,6.8,Successful,R002,P014,S005
C344,Radio,2021-04-19,2022-06-12,78749,,4335.0,0.0,Failed,R008,P010,S012
C345,Print,2023-06-20,2024-08-06,34389,6358.0,3877.0,14.6,Successful,R006,P017,S012
C346,TV,2024-06-08,2024-06-22,60020,,3958.0,9.9,Successful,R009,P043,S007
C347,Print,2024-05-25,2024-06-08,28192,,4981.0,19.9,Successful,R003,P042,S004
C348,TV,2022-06-25,2022-07-09,97504,49507.0,,-6.9,Failed,R006,P023,S011
C349,TV,2022-01-10,2022-06-23,37614,34011.0,1734.0,-6.1,Failed,R001,P018,S015
C350,Radio,2024-03-10,2024-03-24,19352,,3083.0,3.0,Failed,R002,P036,S012
C351,TV,2023-11-19,2023-12-03,61577,28379.0,4319.0,-10.0,Failed,R010,P007,S008
C352,Print,2024-10-13,2024-10-27,49300,38564.0,327.0,-0.1,Failed,R010,P020,S009
C353,Print,2022-12-21,2023-01-04,50664,41319.0,2852.0,-4.2,Failed,R009,P049,S020
C354,TV,2021-12-02,2023-11-26,92311,11362.0,4730.0,4.5,Failed,R010,P042,S007
C355,Print,2021-10-31,2024-01-11,10070,8502.0,147.0,14.5,Successful,R009,P006,S003
C356,Digital,2022-05-30,2024-05-06,63631,41585.0,10.0,-0.4,Failed,R005,P013,S017
C357,TV,2024-11-19,2024-12-03,75155,6442.0,183.0,6.9,Successful,R006,P027,S005
C358,TV,2024-11-29,2024-12-13,41639,11962.0,260.0,7.4,Successful,R002,P002,S020
C359,Digital,2021-10-12,2022-11-17,95154,29036.0,3109.0,-3.6,Failed,R007,P034,S007
C360,Digital,2022-03-03,2024-12-11,80544,25991.0,3905.0,11.4,Successful,R010,P025,S010
C361,Digital,2021-09-27,2021-10-30,48994,20746.0,4872.0,1.4,Failed,R001,P033,S003
C362,Radio,2024-11-19,2024-12-03,13165,33819.0,4134.0,-2.1,Failed,R001,P010,S004
C363,Print,2023-05-02,2023-05-16,28167,,10.0,14.4,Successful,R009,P028,S013
C364,Radio,2024-01-12,2024-01-26,41601,10172.0,694.0,1.6,Failed,R009,P035,S016
C365,Print,2023-04-22,2023-05-06,11071,1069.0,2495.0,2.1,Failed,R009,P043,S016
C366,Digital,2021-06-11,2021-07-08,66225,,760.0,14.0,Successful,R005,P010,S006
C367,Radio,2022-10-04,2024-06-03,94277,,8.0,4.6,Failed,R008,P015,S017
C368,Radio,2024-08-19,2024-09-02,36202,44616.0,993.0,14.2,Successful,R008,P045,S003
C369,Print,2024-08-06,2024-08-20,37444,,337.0,16.4,Successful,R002,P019,S005
C370,TV,2024-02-13,2024-02-27,51364,,4608.0,5.2,Successful,R010,P040,S014
C371,Digital,2023-07-12,2024-05-23,70429,31320.0,2980.0,14.7,Successful,R005,P042,S012
C372,Digital,2023-05-01,2023-05-15,14504,9131.0,1951.0,-7.3,Failed,R002,P036,S010
C373,Print,2024-07-16,2024-07-30,27571,,1560.0,7.0,Successful,R005,P033,S009
C374,Digital,2022-01-07,2022-01-21,36617,17383.0,4621.0,-7.3,Failed,R004,P019,S017
C375,Digital,2023-03-28,2023-04-11,56665,9150.0,,14.1,Successful,R005,P010,S003
C376,Radio,2024-09-27,2024-10-11,14359,,3945.0,18.3,Successful,R002,P011,S017
C377,Digital,2021-02-18,2024-09-12,98664,19561.0,1308.0,1.6,Failed,R010,P015,S007
C378,TV,2022-10-04,2022-10-18,16550,,2.0,1.1,Failed,R002,P030,S001
C379,TV,2024-10-31,2024-11-14,15735,42818.0,3608.0,6.2,Successful,R006,P015,S014
C380,Radio,2023-08-26,2023-09-09,46626,,3381.0,9.3,Successful,R005,P009,S004
C381,Print,2024-04-29,2024-09-21,72320,,3374.0,-0.2,Failed,R008,P034,S013
C382,Radio,2021-09-05,2022-05-21,18869,,,-6.0,Failed,R008,P028,S001
C383,TV,2021-04-07,2023-01-14,15778,3877.0,4621.0,1.4,Failed,R008,P037,S016
C384,Radio,2022-08-07,2023-05-14,60405,,4213.0,3.4,Failed,R008,P045,S016
C385,Digital,2023-07-12,2023-07-26,58820,26588.0,2296.0,10.2,Successful,R006,P014,S012
C386,Digital,2021-08-28,2021-09-11,40065,,4927.0,6.8,Successful,R001,P014,S008
C387,Digital,2024-08-05,2024-08-24,30974,37089.0,4939.0,-7.6,Failed,R008,P017,S015
C388,Digital,2022-09-20,2022-10-04,22412,,707.0,7.7,Successful,R006,P007,S012
C389,TV,2023-02-09,2024-08-27,76831,32897.0,759.0,-0.3,Failed,R005,P005,S003
C390,Radio,2022-01-15,2024-05-27,90331,5179.0,2970.0,3.7,Failed,R007,P011,S004
C391,Digital,2024-11-11,2024-11-25,55696,23433.0,571.0,12.7,Successful,R003,P006,S014
C392,Digital,2022-02-15,2023-04-25,69101,,4997.0,-1.5,Failed,R006,P009,S008
C393,Digital,2021-05-28,2022-05-19,61983,39617.0,1287.0,-4.9,Failed,R001,P037,S004
C394,Radio,2021-05-03,2022-01-11,58440,,3131.0,-4.9,Failed,R001,P002,S008
C395,Print,2024-11-21,2024-12-05,98492,28662.0,1349.0,2.2,Failed,R003,P037,S009
C396,TV,2022-05-24,2023-11-01,80708,39783.0,3421.0,16.7,Successful,R010,P026,S020
C397,Radio,2024-02-22,2024-03-07,77843,23090.0,4645.0,16.6,Successful,R003,P032,S006
C398,Radio,2022-11-03,2022-11-17,22146,,3012.0,-1.2,Failed,R004,P036,S009
C399,TV,2021-09-03,2023-09-08,81929,20845.0,4865.0,-0.5,Failed,R001,P018,S010
C400,Radio,2022-01-25,2023-06-01,38040,18765.0,4500.0,10.0,Successful,R010,P033,S005
C401,Print,2024-08-03,2024-08-17,83598,29251.0,3578.0,2.2,Failed,R002,P021,S001
C402,TV,2024-01-07,2024-01-21,15318,,3760.0,15.1,Successful,R001,P001,S010
C403,Radio,2023-03-06,2023-03-20,57263,16376.0,622.0,-1.7,Failed,R001,P007,S017
C404,TV,2023-03-10,2023-03-24,40981,,3742.0,15.6,Successful,R009,P044,S003
C405,TV,2021-10-05,2022-03-22,67051,27764.0,3014.0,9.9,Successful,R005,P022,S011
C406,TV,2022-07-18,2023-07-27,89149,43886.0,2420.0,-4.2,Failed,R001,P010,S003
C407,Digital,2021-01-21,2024-06-14,99132,,55.0,-6.5,Failed,R007,P005,S008
C408,TV,2023-02-09,2023-02-23,53441,,4692.0,-4.1,Failed,R010,P034,S019
C409,Digital,2023-01-07,2024-05-23,62897,48150.0,317.0,16.6,Successful,R002,P037,S006
C410,Digital,2024-06-16,2024-08-08,36108,28750.0,,-5.3,Failed,R008,P014,S013
C411,Digital,2023-06-08,2023-06-22,47075,,1211.0,-2.6,Failed,R010,P038,S015
C412,TV,2024-04-02,2024-12-15,52407,44617.0,2868.0,-2.0,Failed,R010,P014,S006
C413,Print,2023-07-12,2023-11-25,77928,2603.0,1399.0,0.2,Failed,R007,P002,S014
C414,Digital,2022-12-07,2024-11-19,89794,20315.0,80.0,2.3,Failed,R010,P003,S019
C415,Radio,2021-09-26,2022-11-26,12944,7938.0,537.0,-0.2,Failed,R002,P016,S013
C416,Print,2024-09-15,2024-09-29,55834,,104.0,15.5,Successful,R009,P017,S019
C417,Digital,2023-01-13,2023-01-27,27355,,4619.0,11.2,Successful,R010,P026,S020
C418,TV,2021-06-06,2021-06-20,19987,24204.0,3225.0,1.3,Failed,R005,P036,S002
C419,Digital,2024-02-23,2024-03-08,66997,,4019.0,17.4,Successful,R009,P016,S016
C420,Radio,2021-02-05,2024-01-26,35815,,1554.0,7.2,Successful,R006,P023,S016
C421,Digital,2021-11-23,2024-09-18,38388,23189.0,1339.0,19.8,Successful,R004,P026,S020
C422,Digital,2024-07-22,2024-08-05,29942,,2895.0,10.1,Successful,R009,P021,S017
C423,Radio,2024-04-10,2024-04-24,84116,6749.0,2249.0,12.9,Successful,R006,P028,S002
C424,Print,2024-02-22,2024-03-07,34312,,4267.0,-5.1,Failed,R007,P009,S014
C425,Digital,2024-11-03,2024-11-17,14906,4065.0,2831.0,-5.9,Failed,R006,P040,S014
C426,Print,2021-05-12,2024-06-05,53127,,2482.0,6.3,Successful,R003,P048,S005
C427,TV,2022-01-31,2022-11-16,19826,4220.0,3195.0,-5.1,Failed,R002,P024,S019
C428,TV,2022-07-28,2023-11-23,25214,3444.0,10.0,16.7,Successful,R001,P049,S002
C429,TV,2022-11-24,2024-09-13,27363,11055.0,1768.0,-8.9,Failed,R009,P028,S006
C430,Radio,2022-09-18,2022-10-02,14363,,9.0,-3.2,Failed,R004,P001,S003
C431,Print,2024-08-29,2024-09-12,12258,,2656.0,17.4,Successful,R002,P001,S015
C432,Radio,2024-01-20,2024-12-17,48058,,,19.7,Successful,R006,P029,S014
C433,TV,2022-01-01,2024-03-19,74953,48989.0,1902.0,13.0,Successful,R004,P034,S001
C434,Print,2022-09-21,2022-10-05,73834,,3561.0,18.4,Successful,R006,P014,S008
C435,Digital,2022-10-07,2023-07-17,46762,,4.0,4.7,Failed,R007,P016,S020
C436,Print,2021-11-15,2024-07-13,48193,23500.0,1369.0,1.2,Failed,R008,P049,S011
C437,Radio,2023-03-02,2023-08-22,84177,29642.0,4957.0,15.0,Successful,R007,P045,S014
C438,Radio,2024-07-28,2024-08-11,71766,,4507.0,12.4,Successful,R007,P019,S014
C439,Print,2022-02-07,2022-06-16,40918,23453.0,4518.0,-5.0,Failed,R002,P022,S005
C440,Radio,2021-04-24,2021-10-16,10113,,,11.2,Successful,R002,P013,S008
C441,Print,2022-01-25,2022-04-08,63787,,830.0,13.7,Successful,R008,P040,S001
C442,Print,2023-10-24,2024-10-28,29598,,3906.0,-1.3,Failed,R008,P038,S015
C443,Print,2024-02-01,2024-02-15,36541,,2355.0,-4.1,Failed,R007,P038,S006
C444,Digital,2021-05-21,2024-06-24,19882,39579.0,4223.0,11.8,Successful,R005,P041,S015
C445,Digital,2023-10-12,2023-10-26,50470,,8.0,7.9,Successful,R008,P019,S003
C446,Print,2023-06-25,2023-11-15,24815,4210.0,4871.0,5.3,Successful,R005,P046,S014
C447,Digital,2024-07-24,2024-08-07,67211,,1728.0,-8.6,Failed,R010,P019,S014
C448,TV,2023-12-01,2023-12-15,12275,,2366.0,19.7,Successful,R006,P048,S005
C449,Print,2021-09-28,2022-09-15,15941,,3411.0,1.4,Failed,R007,P034,S020
C450,Print,2024-04-03,2024-04-17,54402,,,3.0,Failed,R002,P040,S006
C451,Radio,2022-05-10,2023-05-24,44783,10154.0,4693.0,1.4,Failed,R005,P032,S018
C452,Digital,2024-07-19,2024-08-02,11655,,488.0,6.1,Successful,R002,P008,S015
C453,Radio,2021-08-16,2021-08-30,75663,41330.0,,16.4,Successful,R001,P048,S009
C454,Digital,2023-10-09,2023-10-23,81821,,139.0,17.1,Successful,R007,P018,S004
C455,TV,2021-10-03,2021-10-17,53372,,8.0,1.7,Failed,R008,P044,S017
C456,Radio,2021-06-01,2023-07-09,63711,35707.0,,-8.7,Failed,R001,P038,S013
C457,Radio,2024-11-29,2024-12-13,59756,,1951.0,5.2,Successful,R001,P027,S013
C458,Radio,2021-08-13,2022-03-27,63178,,4097.0,0.3,Failed,R010,P022,S019
C459,Radio,2021-03-10,2022-02-19,67822,,1692.0,8.0,Successful,R006,P022,S011
C460,TV,2021-02-01,2022-09-12,80779,,2912.0,17.0,Successful,R002,P047,S005
C461,TV,2022-04-18,2024-02-07,93805,25782.0,685.0,4.6,Failed,R004,P013,S006
C462,TV,2021-04-04,2022-03-13,64898,32867.0,3535.0,-1.3,Failed,R005,P029,S009
C463,Print,2023-06-05,2024-05-31,15952,3878.0,148.0,19.3,Successful,R010,P015,S017
C464,TV,2024-05-19,2024-11-24,92566,7008.0,1220.0,-0.1,Failed,R004,P018,S004
C465,Digital,2022-10-10,2022-11-30,76791,46982.0,3000.0,1.8,Failed,R003,P046,S015
C466,Radio,2023-09-02,2024-12-12,27181,26725.0,4799.0,-4.4,Failed,R004,P003,S002
C467,TV,2023-05-08,2023-05-22,62006,12918.0,1322.0,8.1,Successful,R006,P041,S002
C468,TV,2022-10-12,2022-10-26,31240,,10.0,-9.2,Failed,R007,P024,S019
C469,Digital,2022-11-30,2024-11-11,34984,,3801.0,-5.4,Failed,R002,P004,S019
C470,TV,2023-12-24,2024-10-23,73538,,3731.0,1.5,Failed,R007,P045,S003
C471,Radio,2024-09-04,2024-09-18,62964,8470.0,1114.0,4.3,Failed,R010,P022,S010
C472,TV,2024-05-15,2024-05-29,69886,18825.0,2117.0,17.7,Successful,R003,P037,S014
C473,Radio,2024-10-27,2024-11-10,78280,,1190.0,-8.1,Failed,R006,P008,S003
C474,TV,2024-05-09,2024-05-23,94377,30207.0,4947.0,15.3,Successful,R001,P021,S020
C475,TV,2022-04-15,2022-04-29,86616,,633.0,13.6,Successful,R003,P035,S016
C476,Print,2022-07-25,2022-08-08,46568,,1402.0,-2.8,Failed,R008,P036,S008
C477,TV,2022-06-03,2022-06-17,91565,,4258.0,17.9,Successful,R003,P046,S015
C478,Digital,2021-08-04,2023-09-13,88845,38604.0,4801.0,-2.5,Failed,R006,P046,S009
C479,TV,2023-12-26,2024-01-09,93685,,2097.0,14.3,Successful,R008,P022,S019
C480,Digital,2023-01-11,2024-03-15,53436,33393.0,402.0,16.0,Successful,R002,P037,S008
C481,Print,2023-09-12,2023-09-26,30207,,1921.0,7.6,Successful,R002,P007,S008
C482,Digital,2022-10-01,2022-10-15,27822,,3691.0,14.9,Successful,R009,P007,S004
C483,Print,2021-08-27,2021-12-11,82129,,1054.0,-5.6,Failed,R002,P048,S019
C484,TV,2021-03-19,2021-12-23,11755,12284.0,3026.0,17.8,Successful,R002,P033,S014
C485,Radio,2021-04-13,2024-07-30,78617,26439.0,2866.0,1.9,Failed,R006,P038,S013
C486,Print,2022-05-10,2022-09-02,91401,,2070.0,9.6,Successful,R002,P030,S009
C487,Radio,2024-06-10,2024-06-24,94376,,3563.0,10.4,Successful,R001,P043,S006
C488,Print,2024-02-13,2024-02-27,46760,,1222.0,16.4,Successful,R008,P028,S005
C489,Print,2021-02-05,2024-12-28,48965,4399.0,1156.0,18.5,Successful,R008,P020,S015
C490,Radio,2021-01-30,2021-05-04,59027,,2969.0,-7.5,Failed,R001,P006,S016
C491,TV,2022-09-08,2024-11-15,59245,,7.0,4.9,Failed,R001,P048,S014
C492,Digital,2022-06-21,2024-03-22,47388,23121.0,4946.0,12.8,Successful,R002,P026,S014
C493,Print,2021-10-03,2021-10-17,28549,,2.0,9.6,Successful,R002,P026,S009
C494,Radio,2021-01-04,2023-04-15,41793,12648.0,4934.0,18.7,Successful,R001,P020,S008
C495,TV,2024-05-19,2024-06-02,13369,,1233.0,-8.8,Failed,R010,P042,S007
C496,TV,2022-02-04,2022-11-09,93831,,2307.0,-6.2,Failed,R008,P015,S005
C497,TV,2022-03-17,2022-03-31,61162,39486.0,1778.0,-1.7,Failed,R009,P031,S013
C498,Radio,2024-06-20,2024-07-04,68849,,702.0,-4.9,Failed,R002,P021,S011
C499,Radio,2023-07-12,2023-07-26,17856,,3639.0,2.4,Failed,R001,P011,S008
C500,TV,2024-11-04,2024-11-18,93632,,4450.0,5.9,Successful,R010,P012,S019
C501,Print,2021-04-09,2023-02-11,19263,,400.0,-1.6,Failed,R002,P038,S002
C502,Digital,2022-01-02,2024-03-18,91669,39439.0,112.0,16.0,Successful,R008,P012,S020
C503,TV,2023-04-08,2024-08-12,85827,,4064.0,-8.7,Failed,R007,P024,S014
C504,Digital,2022-08-23,2023-10-06,93660,30195.0,200.0,10.3,Successful,R005,P018,S004
C505,Print,2021-08-16,2024-01-17,95743,,4963.0,-0.1,Failed,R005,P016,S012
C506,Print,2022-03-21,2022-09-05,91230,21206.0,4617.0,11.3,Successful,R002,P044,S009
C507,Digital,2021-05-19,2021-06-30,23868,46125.0,4642.0,-9.2,Failed,R005,P040,S002
C508,Radio,2024-06-30,2024-07-14,83854,4433.0,624.0,17.1,Successful,R005,P038,S012
C509,Print,2023-09-29,2023-10-13,42659,20669.0,2341.0,10.1,Successful,R009,P024,S011
C510,Digital,2023-10-29,2023-11-12,67625,36273.0,10.0,9.9,Successful,R003,P014,S001
C511,Print,2024-06-29,2024-07-13,25731,7089.0,3220.0,0.8,Failed,R006,P031,S019
C512,Radio,2021-12-11,2021-12-25,47515,7139.0,4152.0,1.7,Failed,R002,P033,S016
C513,Print,2024-08-02,2024-09-30,64510,18288.0,1941.0,5.6,Successful,R008,P032,S010
C514,TV,2021-08-10,2022-09-06,46604,,1207.0,10.4,Successful,R003,P007,S016
C515,Digital,2022-02-03,2023-05-20,28972,,3098.0,13.7,Successful,R010,P021,S007
C516,Print,2022-08-18,2022-09-01,19830,,3889.0,5.1,Successful,R008,P045,S019
C517,Digital,2022-03-18,2022-04-01,56067,,3006.0,-3.7,Failed,R009,P028,S007
C518,Print,2022-03-03,2022-03-17,29595,,1951.0,17.4,Successful,R007,P026,S012
C519,TV,2024-10-09,2024-10-23,84057,32319.0,39.0,1.8,Failed,R006,P045,S001
C520,TV,2022-12-17,2022-12-31,64584,44906.0,1378.0,16.7,Successful,R005,P012,S003
C521,TV,2022-12-30,2023-09-05,73036,,2655.0,-1.4,Failed,R001,P019,S006
C522,Radio,2024-07-13,2024-07-27,78676,14523.0,1785.0,6.9,Successful,R004,P007,S011
C523,Print,2022-02-12,2024-02-23,79927,,148.0,18.2,Successful,R005,P018,S001
C524,Digital,2022-11-20,2022-12-04,96220,10277.0,4.0,-3.4,Failed,R010,P033,S020
C525,Digital,2021-08-08,2022-10-15,70063,5641.0,4670.0,4.6,Failed,R006,P044,S012
C526,Print,2021-05-01,2024-01-17,72522,7378.0,4567.0,-7.1,Failed,R009,P021,S008
C527,TV,2023-10-30,2023-11-13,58800,3023.0,1435.0,9.2,Successful,R007,P038,S009
C528,TV,2021-04-23,2022-01-14,41497,17759.0,2155.0,11.9,Successful,R007,P022,S003
C529,Radio,2021-03-22,2024-01-30,12245,,540.0,-2.9,Failed,R002,P044,S016
C530,Radio,2021-09-16,2023-10-20,38887,45497.0,2334.0,13.8,Successful,R003,P003,S003
C531,Digital,2023-04-12,2023-04-26,12806,3803.0,2831.0,3.3,Failed,R005,P026,S014
C532,TV,2023-03-26,2023-04-09,47934,11493.0,4685.0,-9.7,Failed,R006,P046,S008
C533,Radio,2021-08-17,2022-11-02,33147,,4680.0,-2.7,Failed,R010,P006,S012
C534,TV,2022-01-17,2023-12-07,92067,27157.0,4367.0,-6.0,Failed,R007,P011,S006
C535,Radio,2021-02-22,2023-04-30,89117,11861.0,7.0,0.0,Failed,R010,P032,S016
C536,Radio,2022-08-30,2022-09-13,25225,,,-7.7,Failed,R004,P021,S020
C537,Radio,2021-01-27,2022-11-16,75001,27678.0,1522.0,-7.1,Failed,R004,P042,S013
C538,TV,2021-05-16,2021-12-05,90671,28487.0,4476.0,2.0,Failed,R008,P004,S004
C539,Radio,2024-02-13,2024-02-27,58657,,66.0,-3.5,Failed,R005,P006,S012
C540,Print,2021-04-27,2022-07-03,55227,,3782.0,12.0,Successful,R005,P012,S011
C541,Print,2021-07-10,2024-04-23,37021,,2220.0,11.6,Successful,R008,P040,S008
C542,Radio,2021-10-16,2023-06-12,10825,36175.0,9.0,-8.0,Failed,R001,P042,S004
C543,Print,2021-01-16,2024-05-23,47138,12314.0,4727.0,-1.6,Failed,R010,P026,S014
C544,Digital,2023-05-21,2023-06-04,10412,25730.0,1617.0,11.9,Successful,R003,P007,S005
C545,Print,2022-11-06,2023-02-02,52710,,3349.0,14.2,Successful,R007,P028,S005
C546,Print,2021-09-11,2021-11-28,25454,24199.0,2604.0,10.5,Successful,R002,P004,S019
C547,Radio,2021-08-16,2021-08-30,89130,,3.0,-1.3,Failed,R004,P044,S017
C548,Print,2024-07-17,2024-07-31,54908,,444.0,19.6,Successful,R001,P034,S005
C549,Radio,2024-02-09,2024-02-23,82136,,4614.0,-8.1,Failed,R010,P020,S009
C550,Digital,2022-05-09,2022-05-23,35515,,2017.0,12.7,Successful,R007,P019,S010
C551,TV,2023-01-27,2023-02-10,20307,40846.0,3974.0,12.6,Successful,R001,P029,S017
C552,Radio,2023-07-30,2023-08-13,37104,47746.0,72.0,-1.1,Failed,R005,P014,S003
C553,TV,2024-05-05,2024-05-19,59998,,2305.0,-8.8,Failed,R008,P046,S001
C554,Digital,2023-06-01,2023-06-15,80774,,1979.0,-1.4,Failed,R001,P003,S019
C555,TV,2021-07-14,2024-04-24,73020,,2763.0,11.5,Successful,R003,P033,S009
C556,Print,2024-04-06,2024-04-20,53448,,59.0,6.1,Successful,R001,P015,S007
C557,Print,2024-04-03,2024-04-17,73288,,599.0,14.7,Successful,R003,P018,S007
C558,TV,2021-05-28,2021-06-11,70242,,1901.0,10.0,Successful,R003,P031,S015
C559,Digital,2022-04-28,2023-09-19,97838,41219.0,4674.0,4.7,Failed,R010,P018,S007
C560,Digital,2023-05-09,2023-05-23,47450,45699.0,2733.0,9.8,Successful,R008,P001,S005
C561,Digital,2021-09-20,2022-06-17,45575,,,-7.1,Failed,R006,P002,S016
C562,Print,2023-11-10,2023-11-24,66661,17993.0,1.0,-7.7,Failed,R007,P034,S018
C563,TV,2021-07-23,2022-05-20,73534,27547.0,194.0,-4.4,Failed,R009,P015,S001
C564,TV,2021-11-15,2023-03-04,14967,49918.0,4846.0,13.5,Successful,R010,P028,S015
C565,Print,2021-03-26,2021-09-12,56702,29270.0,1.0,5.3,Successful,R002,P049,S008
C566,TV,2023-10-31,2023-11-14,22868,25255.0,3850.0,19.7,Successful,R010,P033,S017
C567,Digital,2023-01-01,2024-04-15,90828,45940.0,4463.0,2.1,Failed,R005,P014,S019
C568,Radio,2023-06-02,2023-06-16,16878,12532.0,1229.0,2.1,Failed,R010,P011,S010
C569,Radio,2023-10-02,2023-10-16,46300,,7.0,11.7,Successful,R003,P030,S004
C570,Radio,2021-05-17,2021-11-22,42664,,3293.0,-9.7,Failed,R002,P020,S010
C571,Print,2022-07-24,2022-08-07,60831,8091.0,3843.0,-4.4,Failed,R005,P043,S009
C572,Print,2023-06-12,2023-06-26,82193,36215.0,3417.0,-3.7,Failed,R001,P011,S017
C573,Print,2022-02-19,2022-06-30,72528,,2231.0,-7.5,Failed,R006,P002,S002
C574,Digital,2023-02-22,2023-10-09,36914,40844.0,2341.0,-5.6,Failed,R008,P003,S012
C575,Radio,2021-07-19,2021-12-20,31503,,2828.0,15.3,Successful,R001,P032,S019
C576,TV,2022-05-30,2024-04-05,11073,9962.0,3139.0,14.7,Successful,R006,P011,S001
C577,Digital,2024-10-14,2024-10-28,19569,,1674.0,-2.6,Failed,R009,P043,S003
C578,TV,2024-05-08,2024-05-22,16097,18454.0,2585.0,-2.6,Failed,R002,P011,S001
C579,Radio,2024-06-15,2024-10-21,82598,,862.0,4.6,Failed,R003,P027,S008
C580,Print,2021-12-27,2024-09-08,32373,,1819.0,5.2,Successful,R003,P028,S016
C581,TV,2024-09-14,2024-09-28,57964,,99.0,1.7,Failed,R006,P032,S009
C582,Print,2023-01-05,2023-01-19,88819,22346.0,4954.0,5.3,Successful,R007,P050,S011
C583,Digital,2022-01-20,2023-12-14,29202,43965.0,4193.0,16.8,Successful,R005,P017,S002
C584,TV,2023-08-03,2024-12-26,34902,18598.0,6.0,11.7,Successful,R004,P001,S013
C585,TV,2021-06-27,2021-07-11,69798,23930.0,1878.0,-4.3,Failed,R001,P044,S009
C586,Radio,2021-08-01,2024-10-09,57067,,1197.0,10.5,Successful,R006,P038,S006
C587,Print,2021-11-17,2023-08-12,69125,,4613.0,5.1,Successful,R002,P008,S003
C588,Radio,2023-10-31,2024-08-13,32529,20395.0,1958.0,-4.1,Failed,R004,P007,S006
C589,Digital,2023-06-01,2023-09-17,66374,,2444.0,-1.2,Failed,R002,P050,S017
C590,Print,2022-08-19,2022-11-16,47701,35843.0,1007.0,19.6,Successful,R004,P040,S006
C591,Print,2021-09-14,2022-07-01,88542,,318.0,7.0,Successful,R007,P022,S002
C592,Digital,2022-05-21,2023-03-13,26056,34661.0,4740.0,-9.6,Failed,R008,P037,S019
C593,Radio,2021-05-26,2024-09-08,37620,,1708.0,13.8,Successful,R002,P007,S019
C594,TV,2022-12-20,2023-01-03,62324,,236.0,3.5,Failed,R001,P025,S006
C595,Print,2021-01-02,2022-03-07,42093,,3.0,7.3,Successful,R010,P023,S014
C596,TV,2021-04-12,2024-08-23,59460,41454.0,3033.0,13.8,Successful,R001,P010,S011
C597,TV,2023-08-02,2024-05-29,50351,,1584.0,-4.9,Failed,R002,P022,S002
C598,Radio,2021-04-28,2024-06-04,87153,,2141.0,-4.5,Failed,R005,P044,S006
C599,Print,2023-07-08,2023-10-30,35190,,320.0,18.1,Successful,R003,P027,S006
C600,Digital,2022-07-27,2023-10-28,67925,16520.0,280.0,17.2,Successful,R007,P010,S007
C601,Print,2024-04-09,2024-04-23,43571,35901.0,657.0,4.5,Failed,R008,P035,S001
C602,Digital,2021-07-08,2021-11-30,18030,7431.0,2023.0,-8.0,Failed,R001,P023,S004
C603,Digital,2024-09-10,2024-09-24,56848,,4920.0,-8.3,Failed,R008,P035,S020
C604,Radio,2023-07-25,2023-08-08,53770,,4358.0,-6.3,Failed,R002,P003,S019
C605,Digital,2024-07-25,2024-08-08,39191,18875.0,2678.0,19.3,Successful,R007,P025,S014
C606,Radio,2021-06-10,2023-10-01,23223,,2402.0,3.4,Failed,R001,P013,S004
C607,Print,2021-11-06,2023-06-26,84769,,3968.0,1.9,Failed,R006,P010,S017
C608,Print,2021-03-22,2022-03-31,19622,35708.0,840.0,5.8,Successful,R001,P035,S018
C609,TV,2023-03-21,2023-11-23,80679,24121.0,2670.0,-0.8,Failed,R003,P038,S015
C610,Print,2022-02-10,2022-04-19,34437,26325.0,2599.0,-1.8,Failed,R010,P021,S009
C611,Digital,2024-04-05,2024-10-27,49115,,1250.0,4.2,Failed,R004,P005,S018
C612,TV,2023-09-09,2024-09-28,49898,,889.0,-1.0,Failed,R006,P010,S013
C613,Radio,2021-10-04,2021-10-18,24397,3358.0,3814.0,11.7,Successful,R008,P035,S010
C614,TV,2024-06-24,2024-07-08,16966,,,-5.1,Failed,R009,P039,S015
C615,Radio,2021-01-06,2021-07-19,24428,34069.0,3139.0,-4.5,Failed,R004,P016,S008
C616,TV,2023-01-15,2023-06-17,49861,,2142.0,0.7,Failed,R001,P031,S004
C617,Print,2021-07-23,2023-09-06,36883,32285.0,2721.0,-9.7,Failed,R007,P004,S016
C618,Radio,2024-07-21,2024-08-04,99251,,1424.0,19.7,Successful,R003,P010,S017
C619,Print,2021-08-25,2024-12-10,18828,30432.0,988.0,17.9,Successful,R009,P014,S018
C620,Digital,2022-03-21,2022-04-13,96606,,956.0,9.2,Successful,R004,P006,S017
C621,TV,2023-12-23,2024-01-06,97533,,2822.0,12.0,Successful,R004,P008,S012
C622,Digital,2024-03-06,2024-03-20,86836,19072.0,2.0,-1.9,Failed,R003,P033,S001
C623,TV,2022-12-27,2023-06-01,91514,47029.0,1472.0,9.7,Successful,R004,P023,S019
C624,TV,2021-07-30,2024-08-12,37112,,892.0,4.1,Failed,R003,P040,S007
C625,TV,2022-10-17,2022-10-31,82497,6701.0,4594.0,11.8,Successful,R007,P022,S019
C626,Digital,2021-07-01,2021-09-30,83437,,2725.0,7.3,Successful,R004,P050,S001
C627,Digital,2021-05-30,2022-04-05,90223,32062.0,2149.0,19.2,Successful,R004,P005,S001
C628,Print,2022-05-12,2022-05-26,18768,,3842.0,-2.3,Failed,R002,P020,S015
C629,Radio,2021-03-21,2022-11-15,50846,35092.0,4394.0,0.5,Failed,R001,P029,S006
C630,TV,2024-11-03,2024-11-17,50605,5113.0,1324.0,3.7,Failed,R001,P019,S012
C631,Radio,2021-06-16,2023-04-16,18655,11969.0,4631.0,-8.6,Failed,R001,P037,S013
C632,Radio,2022-08-12,2024-11-13,74736,49991.0,4894.0,-7.6,Failed,R008,P026,S015
C633,TV,2024-08-13,2024-08-27,41317,27276.0,254.0,-4.6,Failed,R005,P048,S004
C634,Print,2021-12-27,2024-10-02,23050,19640.0,798.0,3.1,Failed,R009,P026,S007
C635,Digital,2024-03-07,2024-03-21,49181,,939.0,12.8,Successful,R006,P016,S001
C636,TV,2021-11-30,2021-12-14,57425,37618.0,4677.0,-6.3,Failed,R004,P006,S005
C637,Print,2022-05-29,2023-02-02,75293,,1395.0,-2.6,Failed,R007,P035,S018
C638,TV,2021-10-20,2021-11-03,45731,,1231.0,-2.7,Failed,R002,P005,S005
C639,TV,2023-04-17,2024-09-07,67072,24924.0,2161.0,13.7,Successful,R004,P029,S001
C640,Radio,2024-08-13,2024-08-27,83814,,583.0,-4.7,Failed,R007,P050,S010
C641,Radio,2022-10-03,2023-01-17,75837,,4993.0,7.0,Successful,R008,P030,S018
C642,Radio,2022-06-28,2023-11-28,40206,41250.0,2286.0,9.1,Successful,R001,P021,S002
C643,Digital,2021-07-19,2022-12-31,53932,44555.0,1896.0,6.1,Successful,R006,P027,S018
C644,Print,2021-07-01,2022-12-19,17813,45153.0,3036.0,19.8,Successful,R005,P031,S016
C645,Digital,2024-03-18,2024-04-11,85946,,2020.0,3.5,Failed,R002,P008,S015
C646,TV,2021-01-16,2021-01-30,99630,43426.0,8.0,-8.6,Failed,R009,P044,S015
C647,Radio,2021-04-13,2023-03-02,56203,,4400.0,12.4,Successful,R003,P048,S013
C648,Print,2021-02-20,2024-03-18,53647,,2339.0,18.2,Successful,R007,P014,S014
C649,Digital,2021-08-19,2023-03-26,19568,,4434.0,19.3,Successful,R002,P005,S001
C650,Radio,2022-06-17,2022-07-01,65180,,4463.0,11.1,Successful,R008,P042,S005
C651,Print,2022-09-24,2023-12-17,35446,42777.0,3768.0,14.7,Successful,R001,P050,S010
C652,Radio,2022-10-14,2024-10-19,38527,29329.0,1726.0,-7.8,Failed,R007,P045,S010
C653,Print,2024-10-04,2024-10-18,33634,38480.0,483.0,1.2,Failed,R006,P033,S006
C654,Print,2024-09-30,2024-10-14,51041,,2135.0,5.3,Successful,R010,P002,S006
C655,Digital,2022-05-02,2022-05-16,41924,,111.0,-5.5,Failed,R006,P013,S004
C656,Radio,2024-04-17,2024-05-01,37899,22933.0,4796.0,5.6,Successful,R002,P049,S016
C657,TV,2023-05-13,2024-10-20,13629,39524.0,260.0,15.2,Successful,R010,P022,S018
C658,TV,2021-08-14,2021-12-11,73003,,9.0,18.2,Successful,R003,P008,S005
C659,TV,2023-07-08,2023-07-22,76825,,3621.0,-1.2,Failed,R001,P038,S004
C660,TV,2022-11-25,2022-12-09,73088,4549.0,2.0,18.4,Successful,R008,P028,S002
C661,Print,2022-11-02,2023-07-13,34220,37928.0,2388.0,3.6,Failed,R005,P043,S003
C662,TV,2023-06-03,2023-06-17,20677,10996.0,521.0,0.6,Failed,R001,P041,S010
C663,Digital,2021-08-03,2024-07-16,46165,18935.0,3795.0,16.3,Successful,R006,P039,S018
C664,Radio,2022-07-14,2022-07-28,44910,,471.0,9.1,Successful,R008,P035,S009
C665,Print,2021-12-25,2022-09-01,11230,4274.0,,10.8,Successful,R007,P009,S003
C666,Print,2021-08-29,2024-02-13,20156,10676.0,2519.0,-9.7,Failed,R002,P013,S014
C667,TV,2022-03-16,2022-03-30,38373,,1024.0,-7.7,Failed,R010,P003,S012
C668,Digital,2022-02-08,2022-02-22,36447,23236.0,3814.0,18.5,Successful,R008,P003,S011
C669,Digital,2021-10-07,2023-03-14,17563,,1036.0,12.0,Successful,R009,P009,S016
C670,TV,2021-09-11,2023-07-30,25061,,9.0,-3.9,Failed,R007,P022,S009
C671,TV,2023-07-05,2023-09-05,37380,29256.0,2844.0,7.2,Successful,R005,P018,S005
C672,Print,2023-08-20,2023-12-15,95235,12439.0,1893.0,16.2,Successful,R007,P032,S011
C673,Digital,2023-10-20,2024-01-05,46824,47387.0,2159.0,14.1,Successful,R004,P010,S002
C674,Radio,2022-08-01,2022-08-15,67166,,528.0,5.3,Successful,R009,P037,S002
C675,TV,2021-12-06,2021-12-20,43901,,4992.0,13.0,Successful,R008,P018,S014
C676,Radio,2023-04-21,2023-05-05,58127,48876.0,2203.0,-7.9,Failed,R003,P037,S004
C677,Print,2021-08-24,2024-08-23,48432,,1510.0,1.6,Failed,R009,P036,S014
C678,Radio,2021-12-22,2022-03-31,31631,14451.0,8.0,9.9,Successful,R006,P044,S011
C679,Print,2021-06-20,2022-05-04,87839,,2.0,-4.9,Failed,R007,P045,S015
C680,Digital,2022-11-25,2024-07-25,72569,40443.0,559.0,6.6,Successful,R002,P007,S009
C681,Print,2021-01-06,2021-06-03,68293,31283.0,4222.0,-4.7,Failed,R001,P006,S017
C682,Print,2022-07-15,2023-01-20,13210,25340.0,1373.0,-1.4,Failed,R008,P044,S009
C683,Radio,2024-10-15,2024-10-29,67933,13790.0,1890.0,7.0,Successful,R001,P037,S013
C684,TV,2023-01-28,2024-06-24,58142,,3193.0,2.4,Failed,R010,P048,S003
C685,Print,2022-12-01,2023-06-18,35280,,3321.0,7.7,Successful,R001,P005,S013
C686,TV,2023-11-10,2023-11-24,26699,43846.0,540.0,-2.7,Failed,R009,P023,S005
C687,Print,2024-02-09,2024-02-23,88356,,898.0,18.7,Successful,R010,P025,S013
C688,Radio,2024-06-09,2024-06-23,27797,,3453.0,4.6,Failed,R008,P023,S011
C689,Radio,2024-10-15,2024-10-29,75182,,1404.0,-6.6,Failed,R008,P003,S014
C690,Digital,2024-05-25,2024-06-08,36836,,,-4.0,Failed,R005,P041,S016
C691,TV,2021-08-13,2022-04-29,82787,37709.0,3950.0,9.0,Successful,R009,P029,S002
C692,Digital,2021-08-29,2023-05-04,11899,38591.0,2455.0,-0.4,Failed,R004,P050,S005
C693,Radio,2021-09-02,2023-05-02,33701,,4.0,-1.0,Failed,R009,P029,S014
C694,Radio,2024-05-27,2024-06-10,10759,8334.0,3018.0,2.9,Failed,R001,P017,S010
C695,Print,2021-03-22,2024-12-05,64604,2701.0,2194.0,18.2,Successful,R010,P019,S017
C696,Print,2021-02-20,2024-12-10,75597,,4086.0,13.9,Successful,R002,P050,S018
C697,Radio,2021-08-16,2023-11-12,42606,,2098.0,-0.8,Failed,R002,P002,S007
C698,Radio,2021-03-06,2022-09-28,48681,8633.0,0.0,-7.4,Failed,R006,P001,S001
C699,TV,2021-07-08,2024-01-23,93368,38624.0,2973.0,18.6,Successful,R010,P035,S020
C700,Print,2023-07-11,2023-07-25,70002,4613.0,4368.0,5.9,Successful,R006,P049,S003
C701,Print,2022-07-21,2024-11-03,79666,,4943.0,-9.6,Failed,R007,P024,S020
C702,Print,2024-08-22,2024-09-05,59614,49840.0,4424.0,7.8,Successful,R006,P020,S007
C703,Print,2024-01-09,2024-01-23,26653,26484.0,808.0,-7.8,Failed,R004,P008,S010
C704,Digital,2022-12-24,2023-01-07,82700,40303.0,1905.0,17.6,Successful,R001,P047,S005
C705,Radio,2021-06-09,2023-05-08,66682,23607.0,2700.0,1.4,Failed,R003,P025,S005
C706,Digital,2021-11-10,2023-10-02,91007,46865.0,1633.0,-2.1,Failed,R001,P002,S004
C707,Print,2021-11-30,2022-09-01,43206,,4364.0,-4.0,Failed,R007,P045,S020
C708,Print,2023-07-23,2023-08-06,51436,40412.0,4479.0,-1.5,Failed,R001,P032,S010
C709,Radio,2022-09-13,2024-05-17,10749,20941.0,3147.0,-2.3,Failed,R004,P038,S005
C710,Digital,2022-09-03,2022-09-17,93006,34015.0,620.0,0.1,Failed,R005,P022,S006
C711,Print,2021-11-16,2024-02-27,95335,,2670.0,-4.4,Failed,R007,P025,S003
C712,Print,2023-08-13,2024-03-03,34306,,1197.0,2.4,Failed,R010,P011,S004
C713,TV,2021-04-27,2022-01-23,94746,,2513.0,14.5,Successful,R010,P026,S008
C714,Radio,2024-09-30,2024-10-14,56366,,1893.0,3.7,Failed,R005,P002,S003
C715,Print,2024-10-13,2024-10-27,31703,,4118.0,-3.7,Failed,R010,P022,S010
C716,TV,2021-02-01,2022-08-23,80694,,4778.0,12.3,Successful,R007,P031,S001
C717,Print,2021-04-28,2023-02-25,54569,18308.0,2985.0,-7.5,Failed,R001,P009,S016
C718,Digital,2024-03-14,2024-03-28,32938,44181.0,3840.0,6.2,Successful,R008,P029,S015
C719,TV,2022-04-29,2022-05-13,21464,5848.0,2014.0,9.1,Successful,R001,P010,S015
C720,Print,2024-06-28,2024-07-12,46249,,2678.0,-4.8,Failed,R003,P049,S005
C721,Radio,2023-02-27,2024-11-03,88003,,,-7.6,Failed,R005,P039,S006
C722,Radio,2022-08-26,2022-09-09,60774,19971.0,10.0,9.4,Successful,R002,P036,S016
C723,Radio,2021-04-06,2022-05-08,36791,36158.0,2755.0,17.1,Successful,R010,P038,S009
C724,Radio,2021-07-03,2024-11-11,93128,,2534.0,-8.9,Failed,R004,P015,S001
C725,Print,2022-04-11,2022-04-25,90805,,819.0,17.4,Successful,R006,P020,S002
C726,Radio,2022-10-24,2022-11-07,12980,28618.0,919.0,3.9,Failed,R005,P016,S020
C727,Digital,2023-03-21,2024-03-30,10203,,728.0,1.8,Failed,R007,P034,S001
C728,Radio,2021-01-10,2021-05-12,25564,,1354.0,17.8,Successful,R010,P034,S006
C729,Radio,2024-05-23,2024-06-06,55244,4010.0,1.0,-2.2,Failed,R003,P036,S018
C730,Digital,2022-09-17,2022-10-01,52330,,3042.0,13.7,Successful,R002,P042,S008
C731,Print,2023-01-02,2023-04-12,91627,22924.0,4625.0,-7.8,Failed,R007,P012,S001
C732,TV,2024-10-12,2024-10-26,73704,,2951.0,17.8,Successful,R007,P036,S018
C733,Digital,2024-03-29,2024-04-12,43821,13387.0,3363.0,14.3,Successful,R003,P045,S014
C734,TV,2024-10-15,2024-10-29,66019,45616.0,2704.0,-3.2,Failed,R002,P033,S011
C735,TV,2021-01-19,2023-06-12,92873,2730.0,3333.0,18.2,Successful,R010,P026,S017
C736,TV,2023-04-12,2023-04-26,49165,,2759.0,-5.5,Failed,R008,P002,S013
C737,Digital,2023-06-08,2023-06-22,77642,41078.0,2478.0,-1.9,Failed,R006,P026,S016
C738,Radio,2021-01-08,2021-12-27,13912,42853.0,340.0,-5.0,Failed,R004,P009,S004
C739,Print,2022-09-12,2022-12-16,10240,,3324.0,16.9,Successful,R010,P010,S006
C740,Radio,2021-10-08,2024-12-18,27063,38507.0,2187.0,-4.7,Failed,R002,P043,S002
C741,Print,2024-04-01,2024-07-12,21890,18304.0,4662.0,16.0,Successful,R006,P046,S001
C742,Print,2022-12-20,2023-01-03,96241,,2505.0,9.2,Successful,R001,P032,S005
C743,TV,2023-03-12,2023-03-26,51726,,4131.0,16.2,Successful,R008,P024,S003
C744,Digital,2022-11-23,2022-12-07,55437,,153.0,-9.2,Failed,R001,P032,S005
C745,Print,2022-08-27,2022-09-10,31682,32418.0,3605.0,13.9,Successful,R010,P047,S003
C746,Radio,2023-02-18,2023-03-04,12527,,4943.0,-8.8,Failed,R004,P038,S011
C747,Digital,2021-09-11,2024-08-05,78827,,151.0,13.5,Successful,R004,P006,S004
C748,Radio,2022-09-11,2022-09-25,49762,,2410.0,11.3,Successful,R003,P020,S012
C749,TV,2024-09-27,2024-10-11,66445,37993.0,8.0,-9.0,Failed,R006,P013,S017
C750,Digital,2022-01-03,2024-08-05,21147,,,-0.9,Failed,R006,P037,S015
C751,TV,2023-05-19,2023-06-02,35564,4444.0,5.0,-0.7,Failed,R006,P044,S003
C752,Print,2021-08-19,2021-12-09,51205,36339.0,4538.0,-6.0,Failed,R004,P016,S017
C753,Radio,2022-02-27,2024-09-05,48106,2477.0,1974.0,-8.2,Failed,R004,P006,S020
C754,Digital,2023-10-03,2024-04-13,85721,23291.0,3696.0,11.3,Successful,R008,P039,S008
C755,Print,2023-05-28,2023-06-11,61411,18474.0,10.0,6.1,Successful,R003,P004,S017
C756,Digital,2022-08-26,2022-09-09,14044,7155.0,3550.0,-5.2,Failed,R006,P001,S011
C757,TV,2021-06-25,2021-07-10,42153,,4716.0,4.5,Failed,R004,P012,S018
C758,Print,2023-06-06,2023-06-20,17710,41106.0,1938.0,15.1,Successful,R003,P035,S011
C759,Digital,2021-02-10,2023-10-24,45606,,1476.0,19.8,Successful,R010,P004,S005
C760,Radio,2024-11-10,2024-11-24,70197,39259.0,10.0,-3.7,Failed,R009,P032,S018
C761,TV,2021-02-19,2024-03-31,95621,,10.0,17.4,Successful,R007,P049,S011
C762,Print,2023-05-31,2023-12-29,38825,20025.0,1390.0,-5.8,Failed,R001,P006,S008
C763,Radio,2024-10-20,2024-11-03,70844,,2315.0,-3.7,Failed,R009,P030,S016
C764,Radio,2024-08-07,2024-08-21,74276,16354.0,761.0,3.5,Failed,R007,P006,S006
C765,Print,2024-01-14,2024-01-28,99947,,7.0,8.1,Successful,R006,P044,S009
C766,TV,2022-06-17,2024-12-13,60019,,4653.0,11.4,Successful,R004,P038,S008
C767,Print,2022-04-07,2022-04-21,69987,,399.0,-6.0,Failed,R007,P015,S007
C768,Radio,2021-12-22,2022-06-12,11110,,293.0,9.9,Successful,R001,P025,S013
C769,Radio,2023-06-19,2023-07-03,10742,,3990.0,13.7,Successful,R005,P028,S005
C770,Radio,2021-03-23,2021-09-14,84663,2077.0,841.0,5.1,Successful,R004,P005,S005
C771,Radio,2023-12-23,2024-01-06,82551,,1734.0,4.6,Failed,R002,P007,S019
C772,Digital,2023-09-19,2023-10-03,88639,35292.0,3648.0,14.6,Successful,R003,P022,S008
C773,Print,2024-10-18,2024-11-01,86384,21461.0,2878.0,7.5,Successful,R006,P027,S014
C774,Radio,2024-10-31,2024-11-14,53699,,4.0,1.6,Failed,R006,P031,S006
C775,Print,2024-07-18,2024-08-03,48490,,,15.5,Successful,R006,P007,S005
C776,Print,2024-02-05,2024-02-19,38287,,1570.0,-4.5,Failed,R010,P008,S020
C777,Print,2023-01-05,2024-12-13,59461,47710.0,833.0,3.4,Failed,R010,P001,S010
C778,Radio,2023-02-24,2023-03-10,10068,20821.0,644.0,0.5,Failed,R010,P037,S016
C779,TV,2021-12-18,2022-01-01,93274,,4668.0,14.1,Successful,R003,P040,S018
C780,TV,2022-02-04,2024-10-29,72530,,2288.0,11.6,Successful,R010,P043,S007
C781,Radio,2022-01-13,2023-09-16,77375,,,0.3,Failed,R010,P046,S004
C782,Radio,2021-12-28,2024-06-20,10420,,3682.0,17.0,Successful,R005,P042,S018
C783,Radio,2024-06-26,2024-07-10,98414,,1069.0,1.6,Failed,R004,P018,S013
C784,TV,2022-05-28,2023-12-17,51972,20948.0,3569.0,10.2,Successful,R007,P043,S014
C785,Print,2023-06-02,2024-02-21,22793,,2766.0,-7.4,Failed,R005,P014,S017
C786,Radio,2021-07-22,2023-06-20,99404,,4831.0,11.5,Successful,R010,P024,S007
C787,Digital,2021-02-09,2022-02-03,68524,,1975.0,1.6,Failed,R004,P016,S017
C788,Radio,2021-11-23,2024-03-26,65884,,4691.0,8.0,Successful,R002,P032,S020
C789,Print,2021-06-16,2022-06-08,11096,,453.0,8.2,Successful,R008,P021,S017
C790,Digital,2021-11-20,2024-02-09,15215,42895.0,571.0,7.6,Successful,R004,P019,S013
C791,Digital,2021-05-31,2023-05-26,44301,4359.0,4791.0,12.6,Successful,R004,P021,S020
C792,Print,2021-06-01,2023-08-26,72080,,9.0,11.9,Successful,R001,P037,S014
C793,Radio,2021-09-17,2024-06-29,63035,,585.0,-8.8,Failed,R010,P047,S006
C794,Radio,2024-03-23,2024-04-06,85687,41667.0,2401.0,16.9,Successful,R008,P002,S018
C795,Print,2023-07-18,2024-11-01,20532,,3327.0,-1.8,Failed,R009,P038,S002
C796,TV,2021-02-23,2021-05-27,60678,,6.0,9.8,Successful,R004,P025,S020
C797,Print,2021-02-07,2024-09-30,85468,1529.0,1289.0,0.8,Failed,R003,P030,S015
C798,Digital,2024-05-13,2024-05-27,14738,29108.0,3910.0,19.8,Successful,R002,P041,S019
C799,Radio,2022-04-01,2022-04-15,21527,41495.0,4911.0,19.2,Successful,R007,P046,S020
C800,Digital,2021-03-24,2022-11-29,63028,40463.0,4584.0,5.8,Successful,R003,P023,S011
C801,Digital,2022-02-21,2022-03-07,50260,27794.0,993.0,3.4,Failed,R001,P015,S003
C802,Radio,2023-12-13,2024-06-13,78273,,2463.0,10.4,Successful,R008,P023,S007
C803,Digital,2022-12-24,2023-08-06,24581,,961.0,10.0,Successful,R003,P006,S001
C804,Radio,2024-06-07,2024-06-21,97274,,4462.0,-7.6,Failed,R005,P046,S014
C805,Digital,2022-12-06,2023-04-16,83190,,9.0,-6.5,Failed,R007,P023,S008
C806,Print,2021-06-15,2024-08-07,27925,12448.0,,1.7,Failed,R004,P031,S017
C807,Radio,2024-11-25,2024-12-09,14190,14496.0,3173.0,11.6,Successful,R007,P030,S018
C808,TV,2024-03-25,2024-04-08,51167,,4304.0,12.2,Successful,R006,P011,S019
C809,Digital,2024-07-28,2024-08-11,79217,,2961.0,7.1,Successful,R005,P033,S002
C810,TV,2023-03-21,2023-04-04,36339,42092.0,2959.0,4.6,Failed,R008,P035,S013
C811,Digital,2022-05-19,2022-06-02,86458,2171.0,3475.0,0.1,Failed,R001,P019,S009
C812,Radio,2022-02-08,2024-07-31,17692,,2052.0,-2.7,Failed,R007,P040,S011
C813,Print,2024-07-10,2024-07-24,71286,48787.0,,-9.4,Failed,R003,P047,S016
C814,Print,2024-11-14,2024-11-28,17712,,3089.0,-9.4,Failed,R004,P031,S004
C815,TV,2022-09-29,2022-10-13,88474,,3220.0,4.4,Failed,R001,P035,S003
C816,Print,2024-02-11,2024-07-17,46991,28258.0,,-9.0,Failed,R007,P025,S012
C817,Digital,2023-09-07,2024-09-30,10818,6321.0,,-1.7,Failed,R006,P034,S011
C818,Digital,2021-09-27,2021-10-20,64426,,3368.0,10.4,Successful,R003,P044,S009
C819,Radio,2024-03-19,2024-04-02,55412,,1055.0,5.7,Successful,R006,P020,S007
C820,Print,2021-09-10,2022-09-07,54534,,2.0,15.8,Successful,R008,P011,S016
C821,Radio,2023-09-13,2023-09-27,97206,34673.0,1944.0,-5.0,Failed,R005,P009,S003
C822,Radio,2022-12-07,2022-12-21,35823,29809.0,,1.3,Failed,R003,P035,S007
C823,Radio,2023-02-26,2023-03-12,29313,36635.0,4814.0,17.1,Successful,R007,P011,S013
C824,Digital,2023-09-07,2023-10-19,11196,33754.0,2637.0,2.7,Failed,R004,P016,S009
C825,Print,2024-06-08,2024-06-22,12680,12630.0,1616.0,-6.4,Failed,R005,P028,S006
C826,Digital,2022-06-19,2024-10-17,31451,,4533.0,5.0,Successful,R006,P049,S006
C827,Radio,2022-03-01,2022-03-15,67972,,787.0,19.7,Successful,R004,P036,S005
C828,TV,2023-05-15,2024-05-31,55739,,1586.0,2.7,Failed,R005,P023,S004
C829,TV,2021-12-07,2022-10-14,12418,33407.0,4818.0,17.0,Successful,R003,P021,S008
C830,Digital,2022-02-14,2022-12-27,27295,,3747.0,6.5,Successful,R001,P008,S006
C831,TV,2023-08-21,2023-09-04,82612,,4560.0,-1.2,Failed,R007,P020,S020
C832,Print,2022-05-03,2022-08-17,62331,,3382.0,7.5,Successful,R006,P028,S014
C833,Radio,2022-10-01,2022-10-15,33673,,3341.0,4.3,Failed,R009,P038,S002
C834,Radio,2024-02-22,2024-03-07,95007,10784.0,4181.0,18.0,Successful,R003,P006,S020
C835,Print,2021-07-26,2022-05-10,68609,15681.0,4939.0,-7.7,Failed,R007,P008,S007
C836,Digital,2023-03-29,2023-12-12,43232,,1.0,1.8,Failed,R004,P006,S020
C837,Print,2022-10-15,2024-01-23,39768,49715.0,4326.0,15.6,Successful,R001,P043,S004
C838,Digital,2023-10-11,2023-10-25,83734,9164.0,3804.0,-8.6,Failed,R005,P008,S019
C839,Radio,2024-02-15,2024-02-29,89694,,3627.0,-3.1,Failed,R009,P019,S012
C840,Radio,2023-06-09,2024-08-17,94918,11963.0,3990.0,-5.4,Failed,R006,P002,S005
C841,Print,2024-07-24,2024-08-07,20911,30452.0,,19.3,Successful,R006,P031,S015
C842,Print,2023-04-25,2023-05-09,81522,13099.0,2056.0,15.0,Successful,R004,P036,S019
C843,Print,2021-06-10,2021-06-24,83082,18329.0,368.0,11.3,Successful,R007,P024,S016
C844,Digital,2024-04-06,2024-12-24,34929,,4119.0,14.0,Successful,R005,P045,S007
C845,Print,2021-11-06,2022-11-28,37069,45647.0,7.0,17.2,Successful,R007,P047,S014
C846,Print,2024-03-27,2024-04-10,48630,45312.0,267.0,7.9,Successful,R009,P045,S016
C847,Digital,2024-04-19,2024-05-03,63212,,699.0,-5.6,Failed,R007,P033,S006
C848,Digital,2021-01-27,2022-11-05,78760,31556.0,4624.0,-0.6,Failed,R001,P045,S010
C849,Print,2023-02-27,2023-03-13,37357,24157.0,2409.0,2.5,Failed,R008,P018,S019
C850,Radio,2021-01-30,2021-09-11,13627,49940.0,4955.0,9.7,Successful,R010,P033,S013
C851,Radio,2022-11-04,2023-04-15,97015,21177.0,3105.0,12.2,Successful,R007,P027,S012
C852,Digital,2021-02-10,2021-11-12,62278,,3548.0,0.6,Failed,R005,P027,S013
C853,Digital,2023-01-11,2023-01-25,88404,19681.0,8.0,13.3,Successful,R007,P001,S003
C854,Radio,2021-05-01,2022-03-05,57954,28624.0,6.0,3.3,Failed,R009,P003,S001
C855,Digital,2023-04-11,2023-04-25,45706,23758.0,4521.0,13.8,Successful,R003,P005,S020
C856,Print,2022-08-29,2022-09-12,92970,,1666.0,-0.6,Failed,R006,P011,S017
C857,Digital,2024-01-01,2024-09-12,62439,,1786.0,9.4,Successful,R008,P019,S019
C858,Digital,2023-07-08,2024-08-21,60788,,3966.0,-6.4,Failed,R008,P009,S005
C859,Print,2021-03-27,2024-08-18,10641,,991.0,9.7,Successful,R001,P036,S001
C860,TV,2023-11-20,2023-12-04,38754,,1060.0,11.7,Successful,R006,P019,S003
C861,Digital,2024-01-23,2024-02-06,90614,12853.0,,1.9,Failed,R001,P010,S020
C862,Print,2021-03-20,2023-06-04,12965,42267.0,3824.0,9.3,Successful,R001,P024,S014
C863,Digital,2021-03-18,2023-04-28,64684,,588.0,-9.4,Failed,R010,P019,S008
C864,Digital,2022-12-26,2024-07-03,48756,,3556.0,12.2,Successful,R005,P032,S005
C865,Digital,2024-03-09,2024-03-23,43833,21930.0,3633.0,2.5,Failed,R010,P002,S011
C866,Print,2023-07-05,2023-12-02,43244,,1705.0,15.0,Successful,R003,P014,S008
C867,TV,2023-03-17,2023-03-31,76310,,737.0,-1.7,Failed,R004,P016,S010
C868,Print,2022-05-25,2022-08-13,86053,29970.0,586.0,4.0,Failed,R009,P027,S014
C869,TV,2022-08-06,2024-10-10,12430,,2846.0,14.1,Successful,R001,P013,S015
C870,Print,2021-01-29,2022-09-27,83174,3021.0,,12.0,Successful,R009,P024,S007
C871,Digital,2021-02-19,2021-12-01,88766,,3934.0,18.4,Successful,R003,P032,S006
C872,TV,2024-10-22,2024-11-05,42903,20399.0,1367.0,19.0,Successful,R008,P040,S019
C873,Print,2024-09-23,2024-10-07,66001,16507.0,1.0,3.5,Failed,R002,P007,S007
C874,Radio,2023-01-06,2024-06-26,83773,,4579.0,9.0,Successful,R008,P046,S007
C875,Radio,2022-12-01,2022-12-15,28413,18751.0,3095.0,11.3,Successful,R003,P018,S001
C876,Digital,2023-11-06,2023-11-20,27295,,75.0,-1.8,Failed,R001,P006,S020
C877,Radio,2021-07-27,2023-05-05,85113,,2468.0,1.9,Failed,R002,P027,S001
C878,TV,2022-09-13,2022-09-27,98896,41683.0,2892.0,-5.4,Failed,R005,P024,S020
C879,TV,2021-01-12,2024-11-02,78016,,2358.0,-5.0,Failed,R007,P003,S011
C880,Print,2022-11-27,2022-12-11,38742,,,17.9,Successful,R002,P014,S019
C881,Digital,2021-03-30,2024-02-12,12720,48163.0,3218.0,-1.6,Failed,R002,P029,S020
C882,Print,2023-08-06,2024-09-10,95847,25866.0,3599.0,14.1,Successful,R009,P018,S020
C883,Radio,2024-08-31,2024-09-14,17244,,191.0,-4.4,Failed,R001,P044,S003
C884,Print,2024-03-08,2024-10-24,84321,,4684.0,-1.5,Failed,R008,P020,S005
C885,Print,2023-11-29,2023-12-13,24385,,8.0,-4.0,Failed,R001,P004,S005
C886,Print,2022-07-08,2022-10-14,62954,3784.0,2208.0,8.5,Successful,R009,P045,S020
C887,TV,2023-06-05,2024-10-01,75332,31444.0,2000.0,2.9,Failed,R002,P027,S006
C888,Radio,2021-06-02,2021-09-28,84811,29241.0,4214.0,7.9,Successful,R001,P017,S009
C889,TV,2023-02-08,2023-02-22,42619,7289.0,98.0,13.8,Successful,R004,P016,S015
C890,Radio,2023-11-07,2024-12-20,20745,44376.0,3596.0,1.0,Failed,R007,P035,S003
C891,Print,2021-06-07,2022-03-11,81529,41711.0,2732.0,6.5,Successful,R007,P042,S019
C892,Digital,2022-06-26,2024-01-30,60739,44980.0,,2.4,Failed,R006,P023,S016
C893,Print,2022-11-13,2023-08-07,28304,9197.0,2995.0,10.0,Successful,R006,P009,S012
C894,Digital,2022-12-11,2022-12-25,10235,,3598.0,-4.5,Failed,R010,P006,S013
C895,Digital,2022-01-19,2022-09-05,38083,,204.0,-4.5,Failed,R002,P016,S017
C896,Radio,2022-12-23,2023-01-06,21929,23203.0,2367.0,12.6,Successful,R010,P048,S007
C897,Digital,2023-10-30,2024-06-24,59339,37765.0,613.0,14.7,Successful,R006,P049,S001
C898,Print,2022-07-28,2024-05-20,35505,,2235.0,7.7,Successful,R002,P049,S011
C899,Digital,2022-05-14,2024-01-11,48880,,3453.0,11.8,Successful,R002,P005,S009
C900,Radio,2021-02-02,2023-04-29,84149,8962.0,6.0,-8.3,Failed,R007,P027,S007
C901,TV,2023-07-31,2023-08-14,27647,,2068.0,-4.9,Failed,R002,P033,S013
C902,TV,2022-12-21,2023-01-04,74463,,4159.0,0.5,Failed,R004,P002,S014
C903,Digital,2023-05-01,2023-05-15,81827,26421.0,915.0,14.9,Successful,R008,P026,S004
C904,Radio,2021-03-08,2023-12-24,64347,44393.0,4859.0,-4.3,Failed,R008,P023,S001
C905,Digital,2021-04-21,2022-06-13,77815,2043.0,2360.0,0.2,Failed,R002,P021,S020
C906,Radio,2022-11-16,2022-11-30,45622,,8.0,3.1,Failed,R007,P042,S009
C907,Digital,2022-05-24,2024-03-03,31714,,4265.0,2.1,Failed,R009,P046,S009
C908,Print,2022-04-16,2024-09-22,24714,,1243.0,-2.1,Failed,R007,P021,S009
C909,Print,2021-03-31,2022-04-22,52335,5902.0,4102.0,10.0,Successful,R005,P015,S020
C910,Radio,2021-12-16,2021-12-30,21620,28109.0,3725.0,-1.8,Failed,R007,P038,S020
C911,Radio,2021-04-02,2022-10-20,92301,4876.0,1015.0,11.0,Successful,R003,P012,S002
C912,Radio,2023-04-24,2023-05-08,14704,40083.0,3635.0,18.6,Successful,R002,P008,S010
C913,Print,2021-10-28,2023-07-28,16429,,1113.0,16.0,Successful,R006,P035,S001
C914,Digital,2021-01-22,2021-04-06,86991,3128.0,360.0,3.6,Failed,R002,P032,S018
C915,TV,2021-12-12,2021-12-26,10919,,3131.0,-1.6,Failed,R009,P009,S012
C916,Radio,2024-06-12,2024-06-26,56865,,,13.1,Successful,R001,P019,S006
C917,Radio,2021-09-12,2023-03-03,14077,35134.0,2108.0,-0.6,Failed,R010,P036,S007
C918,TV,2023-11-07,2023-11-21,35380,,4342.0,6.9,Successful,R005,P034,S020
C919,Digital,2024-01-15,2024-01-29,78902,,1421.0,-7.2,Failed,R010,P014,S009
C920,Radio,2022-12-21,2023-01-04,30528,,931.0,13.8,Successful,R008,P047,S001
C921,Digital,2024-11-24,2024-12-08,99932,,2347.0,12.4,Successful,R002,P002,S004
C922,TV,2021-10-21,2022-04-23,20599,,1500.0,-6.4,Failed,R004,P016,S019
C923,TV,2024-01-27,2024-02-10,77455,39767.0,2324.0,9.1,Successful,R002,P007,S011
C924,Radio,2021-04-10,2023-12-14,29839,12062.0,3340.0,-1.2,Failed,R006,P029,S003
C925,TV,2022-02-15,2022-03-01,41456,46062.0,4250.0,11.5,Successful,R003,P037,S010
C926,Radio,2023-12-28,2024-01-11,34114,25303.0,2911.0,-2.5,Failed,R009,P020,S009
C927,Print,2024-09-02,2024-09-16,94899,6150.0,2299.0,16.4,Successful,R007,P033,S019
C928,Radio,2022-12-30,2024-11-07,76919,41510.0,3519.0,15.4,Successful,R009,P019,S007
C929,Print,2023-03-11,2023-03-25,58117,,2811.0,18.3,Successful,R007,P028,S005
C930,TV,2023-09-23,2023-10-07,36756,,10.0,16.3,Successful,R004,P029,S015
C931,Radio,2022-02-14,2023-12-17,29034,,1924.0,3.9,Failed,R002,P007,S013
C932,TV,2023-10-27,2023-11-10,40814,4476.0,4468.0,7.0,Successful,R004,P042,S006
C933,Print,2023-01-09,2023-06-23,92680,,9.0,-0.8,Failed,R008,P050,S010
C934,TV,2023-04-13,2023-04-27,95128,49599.0,7.0,-9.9,Failed,R002,P011,S010
C935,TV,2023-08-17,2023-08-31,83093,,1980.0,-1.1,Failed,R010,P033,S017
C936,Digital,2023-08-04,2023-12-09,22500,20799.0,4058.0,1.9,Failed,R006,P006,S018
C937,TV,2023-01-25,2023-02-08,14766,7154.0,4430.0,0.3,Failed,R008,P009,S014
C938,Print,2024-04-01,2024-04-15,65561,,3023.0,9.7,Successful,R002,P050,S018
C939,TV,2023-09-20,2024-02-04,21660,,1409.0,-0.3,Failed,R008,P033,S018
C940,Radio,2023-01-02,2023-01-16,53019,35169.0,,14.1,Successful,R009,P049,S003
C941,Print,2024-06-04,2024-06-18,27952,24017.0,2044.0,7.4,Successful,R008,P007,S010
C942,Radio,2023-03-10,2023-11-04,60943,14993.0,876.0,-3.0,Failed,R008,P045,S005
C943,Print,2021-07-15,2024-01-04,95708,,3079.0,-6.1,Failed,R009,P020,S019
C944,Print,2023-06-02,2023-06-16,88074,1205.0,2680.0,10.6,Successful,R004,P045,S011
C945,Print,2022-04-19,2022-07-21,55281,,3912.0,10.0,Successful,R010,P022,S014
C946,Radio,2024-08-19,2024-09-02,61186,,548.0,16.0,Successful,R009,P020,S016
C947,Digital,2024-09-21,2024-10-05,87029,,2781.0,19.8,Successful,R004,P036,S002
C948,Digital,2023-02-11,2023-02-25,38006,42891.0,2791.0,3.7,Failed,R007,P016,S003
C949,Radio,2022-07-01,2022-07-26,68729,,1139.0,17.8,Successful,R002,P027,S014
C950,TV,2021-11-29,2024-12-27,40451,43031.0,1263.0,1.8,Failed,R009,P045,S015
C951,TV,2024-11-30,2024-12-14,63774,,1310.0,-5.5,Failed,R010,P046,S005
C952,Radio,2024-03-09,2024-03-23,21985,6586.0,471.0,9.5,Successful,R005,P038,S012
C953,TV,2021-08-12,2022-11-21,27385,14185.0,4295.0,18.1,Successful,R004,P010,S014
C954,Print,2024-09-20,2024-10-04,24075,3134.0,4457.0,5.9,Successful,R003,P021,S014
C955,Digital,2023-02-01,2024-01-31,29853,,4839.0,-3.6,Failed,R008,P009,S008
C956,Digital,2021-07-07,2021-08-09,40536,1952.0,1227.0,18.6,Successful,R005,P017,S017
C957,TV,2022-08-23,2022-09-06,56719,11146.0,919.0,3.0,Failed,R008,P030,S012
C958,Print,2022-02-04,2022-02-18,52466,,4695.0,11.0,Successful,R001,P013,S010
C959,Digital,2021-07-15,2024-08-30,80802,31754.0,2360.0,5.2,Successful,R003,P050,S006
C960,Radio,2022-05-24,2022-06-09,82344,18570.0,4101.0,17.5,Successful,R010,P021,S015
C961,Radio,2023-05-07,2023-05-21,62050,19692.0,,-0.9,Failed,R001,P041,S006
C962,Digital,2021-04-27,2021-05-11,84324,13007.0,1569.0,18.7,Successful,R008,P049,S004
C963,Radio,2023-04-18,2023-05-02,57044,,1144.0,19.3,Successful,R008,P034,S020
C964,Print,2023-03-06,2023-03-20,20434,,4606.0,-9.1,Failed,R004,P050,S018
C965,Digital,2021-12-22,2024-01-13,51129,,372.0,6.2,Successful,R003,P027,S014
C966,TV,2021-05-03,2023-01-04,54744,,1682.0,-2.8,Failed,R001,P016,S019
C967,Print,2024-07-18,2024-08-01,76217,,2829.0,-7.9,Failed,R007,P033,S002
C968,TV,2023-12-29,2024-04-13,69411,,5.0,8.7,Successful,R003,P048,S014
C969,Radio,2023-09-03,2023-09-17,77772,,4587.0,14.2,Successful,R007,P004,S011
C970,Radio,2021-01-03,2022-07-07,71438,,2697.0,-3.7,Failed,R008,P042,S007
C971,Print,2023-03-04,2023-03-18,20720,35439.0,190.0,15.1,Successful,R007,P025,S001
C972,TV,2023-10-30,2023-11-13,92290,20580.0,4234.0,8.0,Successful,R007,P029,S006
C973,TV,2021-02-09,2022-07-14,42796,,2153.0,1.7,Failed,R004,P029,S019
C974,Digital,2022-09-30,2024-07-29,87120,,1026.0,17.2,Successful,R007,P005,S020
C975,Digital,2024-01-10,2024-03-07,95598,,9.0,2.5,Failed,R009,P022,S003
C976,Print,2021-05-17,2022-03-30,82509,10720.0,2539.0,5.6,Successful,R001,P004,S017
C977,TV,2021-09-28,2021-12-22,92464,25042.0,566.0,6.0,Successful,R003,P017,S001
C978,Radio,2023-08-01,2024-10-09,89789,29624.0,296.0,0.3,Failed,R007,P028,S012
C979,Digital,2023-12-20,2024-11-21,18815,29663.0,1693.0,5.8,Successful,R003,P013,S002
C980,Digital,2022-10-22,2024-09-20,28619,,3772.0,10.8,Successful,R006,P028,S009
C981,TV,2023-08-06,2023-08-20,20270,,4831.0,-6.1,Failed,R004,P001,S008
C982,TV,2021-09-26,2021-10-10,51690,,4892.0,15.5,Successful,R004,P011,S018
C983,Digital,2024-06-25,2024-11-16,10053,,481.0,-9.9,Failed,R009,P005,S017
C984,TV,2024-07-12,2024-07-26,33885,,2987.0,18.2,Successful,R002,P005,S005
C985,Print,2022-01-25,2023-09-29,42965,,2298.0,-2.6,Failed,R008,P019,S009
C986,Radio,2021-08-04,2021-08-18,19439,,261.0,2.3,Failed,R009,P041,S016
C987,Digital,2023-03-16,2024-01-03,60172,,2.0,-8.8,Failed,R008,P009,S018
C988,Radio,2022-12-08,2023-10-11,92335,12536.0,162.0,-8.1,Failed,R001,P039,S006
C989,Digital,2021-03-16,2023-03-17,31161,22682.0,1026.0,-7.1,Failed,R001,P038,S015
C990,Digital,2021-09-30,2021-12-24,82672,20722.0,1317.0,-2.9,Failed,R004,P038,S007
C991,Radio,2024-09-25,2024-10-09,70955,,8.0,17.0,Successful,R009,P015,S014
C992,TV,2023-06-28,2023-07-12,83520,,3370.0,16.5,Successful,R005,P049,S014
C993,Print,2022-12-21,2023-01-04,44155,28876.0,4039.0,-9.3,Failed,R006,P018,S011
C994,Print,2024-09-16,2024-09-30,31795,28812.0,4758.0,-9.4,Failed,R006,P022,S015
C995,Digital,2023-08-15,2023-11-19,56822,,3303.0,1.3,Failed,R007,P045,S006
C996,TV,2021-07-01,2021-07-15,35603,38037.0,1019.0,17.2,Successful,R007,P037,S001
C997,TV,2022-02-21,2022-03-07,90032,,6.0,-8.6,Failed,R003,P024,S018
C998,Radio,2023-04-06,2024-08-29,62456,28746.0,4324.0,1.4,Failed,R007,P041,S019
C999,Print,2022-05-17,2022-05-31,70659,36798.0,4044.0,16.9,Successful,R005,P026,S009
C1000,Digital,2021-12-08,2022-05-14,92326,,4629.0,5.0,Successful,R008,P018,S005
